an	and	angel	beautiful	ever	forgotten	him	his	kid	listened	love	never	of	singing	still	the	to	voice	was	when
17	age	always	and	around	at	but	early	find	forgot	gentle	graduated	great	grew	grow	had	have	his	how	is	it	job	just	like	little	love	loving	most	mr	my	never	no	of	people	reeves	simple	so	songs	sounds	sweet	the	they	think	to	town	up	voice	was	were	who	with
everyday	him	his	listening	me	mum	my	of	played	reminds	songs	to	who
as	because	child	cry	death	every	got	heard	it	jim	many	me	now	of	over	reeves	reminded	rip	song	still	that	this	time	to	touches	used	voice	your
70	back	but	dad	didn	do	for	how	in	it	jim	listening	loved	me	my	reeves	teenager	the	then	things	time	to	was	when
also	am	and	childhood	feeling	have	he	his	in	jim	listened	love	me	music	nostalgic	now	reeves	since	the	to	tunes	with
18	1966	47	67	an	and	as	back	both	but	came	cry	down	for	girlfriend	hear	her	high	in	into	it	june	just	later	like	loved	make	married	my	not	of	old	our	out	school	senior	song	still	texas	that	the	this	to	took	up	was	we	wedding	when	with	year	years
also	at	back	before	concert	death	few	he	his	in	jim	june	of	only	up	was	weeks	years
47	am	and	are	be	can	for	god	grew	heart	his	in	its	jim	lord	many	my	of	on	one	only	our	reeves	so	some	songs	sure	the	this	up	well	words
grew	is	it	jim	lane	listening	memory	reeves	to	up
1970	but	cry	dance	every	grandfather	grandparents	had	hear	hearing	in	it	jukebox	love	makes	me	my	of	on	one	the	this	time	to	used	was	with	wonderful
childhood	from	gentleman	jim	my	on	our	parents	played	player	record	the	this	tune	tunes	when
album	away	can	childhood	from	happy	him	jim	listening	many	memories	my	now	of	old	reeves	so	the	to
60	and	back	early	england	fantastic	great	in	jim	john	listened	lot	me	memories	of	reeves	singer	takes	the	this	to	voice	wonderful
1966	always	coming	he	heart	in	my	remember	up	was	when	young
as	back	brings	father	favorite	great	his	in	jim	kid	listening	lps	memories	my	of	played	player	record	reeves	the	to	voice	when
1966	and	born	by	everyone	from	great	in	loved	missed	one	singer	song	the	this	was	well	years
hear	many	memories	so	this	when
days	good	old	remembering	the
brings	children	listening	lot	loved	me	music	my	of	parents	played	the	they	this	to	too	we	were	when
and	back	bring	childhood	fond	from	jim	listening	memories	miss	mom	my	of	oldies	over	remember	such	these	to	you
dad	had	him	how	if	known	me	miss	much	my	of	only	reminds	would
and	away	beautiful	dad	dance	get	goosebumps	has	little	me	mom	my	of	passed	play	reminds	so	the	this	time	to	used	was	when	with
as	be	beautiful	being	child	from	grandparents	great	house	in	it	jim	listening	made	my	of	piece	played	remember	so	songs	sound	such	that	the	these	to	today	voice	was	well	with
away	be	both	boy	can	dad	each	everytime	favorite	god	hear	her	it	late	miss	mom	my	on	played	radio	remember	song	still	the	this	time	too	was	way	when	with	you	young
almost	and	back	brings	but	country	death	favorite	forever	great	his	in	jim	live	memories	music	my	of	one	reeves	singers	song	this	was	what	will	world
always	and	army	came	childhood	home	in	jim	left	make	me	miss	mum	my	now	of	on	one	our	out	piece	play	played	player	record	reeves	reminds	she	sure	the	them	they	this	till	to	when	wore	would
all	amazing	country	get	love	loved	me	mum	my	never	of	one	over	remind	song	still	thinking	this	we	were	while	will	you
ago	and	at	back	boy	brings	dad	ever	few	had	he	house	it	jim	live	long	memories	my	only	party	reeves	sing	song	that	the	this	time	was	we	when	would
all	always	be	but	childhood	died	everyone	favourite	happy	have	jim	last	memories	much	mum	my	now	sadly	she	so	such	thank	the	to	who	will	you
10	about	after	away	came	died	disc	he	if	in	just	mr	old	out	over	passed	reeves	remember	said	song	that	the	this	was	when	years
30	47	am	and	as	away	beautiful	child	dad	from	have	heard	hearing	husband	in	it	just	my	not	of	on	out	sing	song	started	sung	the	this	to	words	years
and	are	beautiful	both	but	father	going	gone	he	her	him	in	into	loved	loving	mary	miss	mother	much	my	name	people	so	song	them	they	this	to	was	were	world
always	and	but	days	gentleman	have	is	jim	love	loved	mary	my	name	remember	this	those	too	was	well	young
give	great	had	he	his	kid	listening	loved	more	much	music	so	soon	taken	to	too	voice	was	when
ago	awesome	bless	distant	drums	from	god	have	his	jim	listened	love	many	my	since	singer	songs	teens	to	years
always	genesis	me	of	punk	reminds	rock	song	the	this
all	back	brings	cafe	great	her	in	little	memories	mom	my	played	the	this	time
2006	always	and	away	back	brings	cry	favorite	good	grandmother	he	hearing	her	him	his	in	listened	makes	many	me	memories	music	my	of	passed	quite	september	she	since	singer	so	thinking	to	want	was	with	you
happy	in	me	my	of	parents	reminds	times
60s	70s	again	all	and	back	big	bring	could	dad	early	every	for	go	gosh	hank	jim	jimmy	late	memories	morning	my	of	on	one	or	reeves	some	sunday	the	this	to	us	wish	would
always	and	cash	granddad	jim	johnny	liked	listening	me	my	of	reeves	reminds	to	who
again	and	beautifully	during	enough	era	great	how	is	it	kind	know	knowing	live	love	makes	me	music	never	of	real	record	remember	sad	see	smile	that	the	this	to	very	was	we	well	will	written
back	beautiful	childhood	loved	me	my	takes	this	to	track	very
all	an	around	at	awesome	back	down	good	had	how	it	lane	live	long	many	me	memories	memory	much	music	my	on	other	so	song	thank	that	the	then	this	time	trip	was	we	where	wonderful	you
back	classic	days	do	hanging	in	is	miss	much	on	so	still	sure	there	this	those	throw
always	back	beautiful	been	brings	god	is	it	love	me	memories	my	no	passed	rip	since	sing	this	to	use	will	you	yrs
1974	always	at	brilliant	in	last	me	my	remind	school	song	was	wen	year
and	back	fell	gosh	it	just	love	loved	memories	my	oh	still	sweet	then	to	tune	youth
70	back	classic	for	gold	great	in	it	listening	memories	on	posting	remember	show	song	thanks	the	this	to
all	beautiful	day	first	for	great	heard	it	most	of	remember	song	that	the	thought	time	was
back	best	brings	lady	memories	my	of	on	some	special	sunset	the	watching	with
after	and	because	broke	for	growing	guy	heart	me	my	on	other	reconnected	remember	she	song	the	this	to	turned	up	we	years	young
after	again	always	am	and	are	at	back	broke	but	came	did	elvis	eyes	for	get	good	in	just	like	listening	loved	my	not	of	on	out	people	play	radio	song	still	that	the	this	to	together	was	we	when	wife	work	young	your	youtube
are	at	elvis	everytime	grandma	head	her	in	listen	loved	many	memories	music	my	played	really	so	song	there	this	to	we
life	love	me	my	of	reminds	song	the	this
everything	great	hear	imagine	in	it	life	live	love	lyrics	me	music	my	of	on	reminds	side	song	the	this	when
10	and	beautiful	been	broke	ever	have	heart	her	it	later	loving	me	more	most	reminds	should	song	the	this	with	woman	wonderful	years
along	am	amazing	and	are	both	but	can	dad	for	give	glad	had	have	he	how	in	life	love	loved	mary	me	miss	most	much	mum	my	on	remember	singing	so	song	still	sung	thank	the	them	they	this	to	together	up	very	voice	was	while	you
days	great	happy	in	memories	my	of	reminded	song	the	usa	which	youthful
and	baritone	could	everytime	golden	growing	hear	heard	it	makes	me	nostalgic	swoon	this	up
11	all	and	around	aunt	came	died	elvis	family	go	had	in	into	my	old	on	remember	that	the	too	tv	was	watching	with	years
and	as	child	how	me	miss	mum	of	reminds	rip	sing	so	song	sweet	this	to	used	you
all	brings	eyes	his	many	memories	my	so	songs	tears	to
67	alive	and	bought	came	favorite	have	in	is	it	me	memories	mom	my	out	record	song	sound	still	the	then	this	was	well
19	back	brings	came	good	it	memories	of	out	some	song	that	this	time	was	when
black	college	fantastic	first	for	group	heard	his	in	on	radio	soul	steve	teens	the	these	they	thought	time	was	were	when	winwood
60	70	and	fantastic	for	good	he	rock	that	the	times	were	years
14	17	am	fantastic	first	heard	no	on	radio	stereo	steve	to	was	when	winwood	year
back	brings	for	memories	sure	thats	the
francisco	great	my	on	san	song	that	time	to	was	way	what
an	died	her	laura	love	miss	much	my	name	she	so	was	wife
16	and	clearly	dancing	mama	my	remember	so	song	this	to	with
always	but	dad	everyday	he	hearts	her	in	is	laura	mum	my	name	no	our	remains	sing	song	this	to	us	was	with
80s	and	early	ever	had	heard	it	kid	most	mum	my	on	remember	song	tape	the	thing	thinking	this	was	when
always	back	banger	do	great	in	on	our	played	the	this	times	to	used	way	we	were	when	with
11	always	and	away	but	cd	he	him	learned	lost	love	me	miss	my	on	passed	sadly	the	this	we	when	will	with	words
back	from	in	laura	memories	my	thank	to	turn	you
and	beautiful	for	it	lovely	made	of	remember	thank	the	this	us	video	what	work	you
always	and	as	bring	changed	daughter	even	eyes	growing	hear	her	if	im	in	is	it	know	late	later	life	me	mum	my	name	now	of	on	one	play	radio	remember	she	sing	tears	teens	thats	the	them	this	to	tunes	up	used	was	when	which	with	would
dad	dads	favourite	he	last	lost	me	my	of	one	reminds	singers	song	that	this	year
absolutely	artist	come	favorite	great	his	jim	love	memories	music	my	reeves	thank	this	was	with	you
and	as	beautiful	dear	distant	drums	first	his	is	jim	me	memory	music	of	reeves	the	to	unforgettable	voice
and	been	for	from	in	is	lol	my	over	radio	sad	school	sing	that	the	think	to	used	we
1960	and	big	charts	for	hit	in	it	memorable	no	one	teenager	the	this	very	was	weeks
back	brings	good	lol	memories	some
14	20	90s	after	and	best	but	called	during	early	ever	first	for	found	friends	girl	got	had	her	in	is	kids	later	laura	living	long	love	married	me	met	my	never	of	old	on	our	out	part	the	time	to	true	up	was	we	went	year	years	young
at	blackstone	crossroads	is	laura	lived	now	remember	she	where	wonder
and	beautiful	child	dad	had	he	him	it	love	me	much	my	of	oh	reminds	sing	so	song	such	this	to	use	very	voice	was	when
but	forget	gonna	is	jim	love	memories	music	never	sad	that	the	they
along	and	grandparents	hearing	his	jim	loved	me	music	my	nan	of	reeves	remember	reminds	rip	singing	songs	to	was	when	who	young
back	been	different	experienced	had	have	head	lot	my	on	then	things	this	wish	would	younger
all	back	bring	his	love	memories	of	songs	yesterday
and	at	be	everyday	find	it	just	life	me	need	now	old	sang	school	sing	so	sweet	the	this	to	was	would
about	ago	all	also	and	as	at	been	but	couldn	favorites	for	have	his	hit	home	in	is	it	just	lost	makes	mary	more	my	nan	now	of	one	over	played	quite	really	so	song	soon	started	the	there	thinking	this	too	us	very	was	which	year
ago	all	can	danced	dancing	got	he	husband	in	it	jim	like	listen	live	love	me	much	my	no	of	one	over	passed	reeves	reminds	sing	so	song	the	this	to	we	when	who	with	world	years
age	alive	and	as	back	brought	father	his	in	is	kid	listening	living	lot	man	me	mum	my	now	of	old	parents	played	she	teen	this	to	was	when	with	younger
73	alive	back	be	good	lord	me	take	time	to	what
20	about	after	again	ago	also	an	and	at	back	be	before	damn	few	her	house	in	into	it	last	like	live	more	mother	name	now	of	old	on	or	reconnected	remember	see	that	then	think	this	to	tv	up	was	watched	we	what	when	who	with	year	years
73	around	elvis	had	in	late	let	me	mother	my	old	stay	talk	the	this	to	true	up	was	watch	years
after	all	believe	but	day	hard	he	less	passed	re	than	this	to	we	years
all	always	am	an	and	can	days	elvis	ever	forget	good	he	here	him	his	how	in	my	of	on	remember	singers	these	to	voice	was	when	wonderful	you	younger
all	at	before	bought	changed	have	in	it	listening	my	oh	our	remember	this	times	to
at	back	brings	happy	heard	it	memories	only	schoolboy	this	was	when
2018	60	all	and	back	band	called	days	for	fun	golden	good	got	great	had	has	heard	in	it	june	just	list	lost	made	me	music	old	on	our	play	played	radio	released	rock	singing	so	takes	that	the	this	to	together	video	was	we	when	who	years
great	it	time	was	wasn
at	back	big	called	dances	did	even	from	going	great	group	he	hear	him	home	in	just	life	my	never	of	on	one	our	played	remember	school	sing	some	such	teen	teenage	the	then	they	think	those	times	to	tv	used	was	we	went	were	what	where	with	would
again	ago	and	back	brings	dad	died	do	ever	get	good	greatest	her	it	listening	ll	lovely	memories	mum	my	rip	the	to	today	voice	years	your
angel	christmas	every	favorite	gram	happy	lps	on	our	play	roy	stereo	the	times	to	used	was	we
16	about	and	aunt	back	brings	favorite	go	he	his	is	little	lonely	lot	memories	my	only	play	roy	singing	so	song	this	to	used	was	when
concert	for	got	have	he	him	mom	my	of	old	pictures	some	took	when	ya
an	awesome	brother	died	few	greatest	have	hear	in	is	memory	music	my	of	roy	thats	the	think	those	though	whenever	who	with
always	bless	dad	god	him	me	my	of	reminds
50	60	all	and	are	best	days	if	live	memories	most	my	not	now	of	one	songs	the	these	times	with
and	beautiful	nostalgia	so
fantastic	grandparents	listening	memories	my	of	this	to
and	girl	it	listened	little	lot	loved	song	thanks	this	was	when
after	album	boyfriend	first	loosing	my	out	such	this	voice	wore
ago	an	be	because	couldn	did	different	done	from	had	have	he	him	if	is	it	learned	like	never	person	remember	roy	said	sang	someone	something	that	to	why	with	would	young
1988	after	all	and	away	been	but	came	could	enough	every	father	few	growing	has	have	he	hear	heard	him	his	in	mum	music	my	not	november	passed	play	roy	said	sang	see	she	since	such	thank	the	time	times	to	uk	up	was	weeks	went	when	you
again	and	back	be	done	fantastic	great	hear	is	like	live	lot	many	me	of	past	quality	singers	songs	superb	thanks	the	these	this	through	to	took	video	well	what	years	youtube
also	and	anyone	artist	be	by	can	charts	country	happened	how	love	music	never	not	old	over	pure	record	remember	song	sung	the	this	to	unforgettable	up	well	when	which	who
ago	back	country	love	many	me	music	oldies	takes	these	years
days	grannys	it	love	me	music	my	of	old	party	reminds
40	50	60	about	and	as	but	from	great	in	kid	loved	never	song	the	this	thought	top	what
all	always	and	as	at	be	country	day	don	favorite	girl	happy	have	heart	home	house	just	little	love	me	music	my	of	on	one	over	playing	remember	said	she	so	songs	take	the	them	this	time	to	until	was	why	will	you
can	country	first	girl	hearing	little	remember	song	was	when
days	end	good	never	old	the	they	thought	we	yes
1985	and	country	doing	during	favorite	great	help	it	kid	love	me	my	of	one	please	sing	song	sweet	this	to	was	when
ago	holiday	lovely	me	my	of	on	parents	reminds	times	was	when	with	years
apply	back	brings	for	in	lots	me	memories	navy	of	song	still	the	this	today	was	when	words
as	child	remember	song	thank	this	you
but	grew	like	loved	on	party	rock	songs	still	teenager	then	this	town	up	was	with
1950s	1960s	and	during	growing	listening	music	remember	the	to	up
60	70	and	at	in	late	least	live	look	not	on	our	singing	started	that	the	these	this	to	was	were
remembering	we	were	when	young
all	and	at	girlfriends	great	it	jukebox	just	my	on	radio	remember	thank	that	the	time	wow	you
from	it	love	remember	song	the	very	was	when	young
back	brings	great	memories	song	such
away	back	days	from	my	oh	ya	yes	young
and	good	mama	memories	my	of	over	sing	song	to	used
an	and	bought	by	day	disc	first	for	hank	have	he	heard	here	his	in	is	middle	name	next	on	remember	song	thanks	the	this	time	very	was	when	who	with
ago	brought	country	is	kind	long	me	music	of	that	the	this	time	to	very
and	beautiful	ever	great	hank	have	him	locklin	loved	memories	since	thank	you
an	as	daddy	go	he	in	love	me	my	old	rocking	sing	sleep	song	that	this	to	use	was	would
days	first	for	getting	hear	heard	in	just	me	much	my	so	songs	thank	that	the	time	to	unbelievable	you	younger
being	country	fed	figure	force	go	it	kid	love	music	now	old	remember	this	was	when
back	few	me	takes	years
and	dad	me	mom	my	of	omg	reminds	this
as	days	eyes	gives	gold	grew	in	is	love	me	my	old	recall	song	tears	this	those	we	with
57	am	an	be	but	child	country	in	into	me	music	my	not	on	really	remind	this	to	weeks	will	years	yes
back	brings	come	eyes	it	know	love	makes	memories	now	on	song	that	this	you	your
again	all	and	are	child	country	find	for	grandparents	it	like	love	music	my	myself	no	now	or	other	parents	played	reason	rock	singing	song	than	the	they	this	time	was	whatever	when	wish
and	artists	black	do	for	great	it	miss	much	night	on	our	saturday	sharing	sure	thank	these	tv	very	you
and	are	around	dad	in	is	lovely	music	only	our	play	records	remember	singer	song	songs	still	the	these	to	unbelievable	up	used	voice	well
am	and	as	beautiful	child	dad	dancing	even	feel	for	from	him	his	imagine	in	me	miss	my	place	sing	some	still	this	to	with	would	you
and	back	brings	dad	dancing	don	great	like	many	memories	mom	music	my	play	remember	sad	song	such	they	this	to	today
55	am	and	at	dancing	for	has	love	mother	my	now	only	parents	passed	posting	remember	song	thank	this	to	was	watching	wedding	you
childhood	days	my	reminiscing
10	70	ago	and	august	away	for	great	in	learned	memories	memory	mom	my	on	passed	roller	song	thank	the	this	to	years	you
childhood	from	lovely	memories	such
and	at	dad	days	everyday	family	good	happiness	love	memories	music	my	of	song	teen	this	was	when
62	ago	always	and	dad	for	him	married	me	miss	much	mum	my	of	passed	reminds	very	years
and	back	dad	day	family	few	friends	get	great	have	in	loved	me	mum	of	reminds	songs	the	these	times	who	would
dance	definitely	me	of	reminds	school
about	ago	always	at	beautiful	by	club	engelbert	last	listening	me	night	remind	so	song	the	this	waltz	when
always	back	brings	childhood	good	grandma	grandpa	have	kind	love	makes	me	memories	miss	my	of	songs	the	these	to
dad	happy	his	loved	memories	mum	music	on	playing	radiogram	records	the	was	when
and	back	bad	beautiful	brings	but	good	lot	love	memories	some	song	still	this
but	childhood	dance	end	forever	great	in	it	last	lingers	listen	mind	must	my	nice	on	should	song	still	the	to	until	waltz
as	at	grandparents	how	it	listen	lyrics	me	much	my	of	old	play	reminds	song	the	they	this	to	understand	used	years	you
are	dancing	do	grandparents	hope	memories	my	of	still	sweet	they	wherever
as	at	got	in	it	liked	much	my	of	out	person	play	played	remember	so	song	the	this	to	was	we	wedding	went
70	and	around	at	aunts	dance	end	floor	in	late	man	me	mid	my	of	old	older	reminds	song	the	this	to	uncles	wedding
back	bring	childhood	engelbert	humperdinck	love	memories	songs	thank	you
1968	as	at	back	beautiful	dance	has	me	memories	on	our	played	primary	school	song	teacher	this	to	us	waltz	we	when	with	would
already	always	and	because	best	but	can	dad	dance	danced	daughter	during	even	first	gone	hand	happened	he	heart	high	him	his	how	in	last	love	me	memories	miss	much	my	night	our	played	remember	saying	school	senior	so	song	that	the	thing	this	to	was	when	with	you
70	boyfriend	good	in	memories	my	sentimental	song	the	theme	very	with	yahooo
1960s	always	and	days	girl	go	happiest	happy	her	innocence	life	little	loved	me	mum	my	of	on	playing	remind	song	such	the	this	to	trip	used	was	we	went	when	will	with
60	and	beautiful	great	late	memories	of	song	the
ex	girlfriend	me	my	of	reminds	song	this
days	good	love	old	remembering	song	the	this
always	back	from	life	me	mother	my	playing	radio	sun	sunset	sweet	takes	that	then	to	up	was
day	friend	my	old	remember	the	was	with
1970	and	british	club	days	happy	legion	loved	me	people	reminds	song	the	this	tranent
at	beautiful	danced	forever	last	memories	my	parents	song	such	that	their	this	to	wedding	will
1969	danced	exact	good	in	memories	record	this	to
ago	and	dad	died	he	hear	him	it	me	miss	much	my	of	play	reminds	so	song	this	to	used	very	when	years	you
beautiful	nostalgic	song
2016	always	and	back	beautiful	before	brings	daughter	died	happy	her	mant	memories	miss	our	so	song	wonderful
back	brings	ever	it	marvelous	memories	so	song	tastefully	we	were	what	young
all	amazing	era	fell	for	grow	in	just	listening	love	memory	music	so	thanks	the	these	to	up	was	where	wonderful	you
anymore	blast	don	for	from	house	in	is	it	just	like	little	make	me	our	past	playing	remember	song	the	them	they	this	very	was	when
15	20	am	far	favorite	is	my	now	old	so	this	until	was	when	years
11	15	dancing	in	june	living	mom	my	our	remembering	room	song	this	to
2019	always	anyone	dad	my	remembered	sing	song	that	this
all	also	as	child	elvis	full	grandma	grew	house	love	mother	music	my	of	our	the	this	time	up	was	with
about	ago	another	as	because	dad	find	girlfriend	guy	him	his	is	kid	left	long	me	my	one	sad	song	then	this	time	was	who
and	funny	girl	it	kid	old	only	remember	she	singing	song	this	thought	to	was	when	young	yrs
everytime	granddad	his	love	me	my	of	phenomenal	reminds	voice
every	has	mother	my	played	remember	song	sunday	this	what	wonderful
1977	always	kid	like	me	really	reminding	song	this	was	when
always	be	because	daddy	favorite	hear	if	is	it	miss	music	my	remember	song	this	you
1968	and	engelbert	glad	grew	high	in	it	loved	music	real	released	school	so	song	that	this	up	was	when	with
coming	daddy	father	he	home	me	much	my	next	of	omg	on	philippines	reminds	so	song	there	this	year
20	am	but	child	from	grandfather	grandpa	heard	heaven	him	in	is	me	my	now	of	reminds	song	this	was	when
feel	great	had	it	listened	love	make	missed	never	people	place	something	the	to	where	who	wish	you
2019	all	and	are	but	flashback	gone	july	memories	my	of	only	remains	uncles
always	cause	every	everything	father	for	from	granddaughter	happy	heart	here	him	in	know	miss	music	my	now	of	our	re	remember	right	so	thanks	the	this	time	to	we	will	with	you
and	each	every	in	many	memories	so	song
album	childhood	engelbert	humperdinck	is	list	my	play
after	are	back	brings	but	can	days	eyes	forever	have	help	just	lost	memories	nothing	of	play	songs	the	them	these	those	to	us	we	while	yesterday	your
2018	childhood	in	like	miss	my	pops	someone	song	this
as	beautiful	for	if	memories	one	own	self	song	stirs	written
am	and	as	back	better	can	day	did	fantastic	go	heart	in	is	it	make	my	now	on	or	person	place	radio	so	song	sounds	special	the	then	time	to	was	way	when	your
back	be	bring	it	lonely	memories	please	so	someone	sweet	to	voice	with
1975	back	it	love	me	memories	of	song	take	what
again	amazing	back	blast	come	for	from	growing	heard	in	it	like	me	memories	mid	mind	of	past	real	seventies	something	song	suddenly	takes	the	this	time	to	up	was	when	wow	years	you	your
amazing	and	back	but	child	damn	every	everything	feel	felt	for	good	happy	have	how	in	is	its	like	makes	me	memories	my	out	parents	remember	reminding	sharing	should	song	such	thanks	that	then	this	was	what	when	world	wow	young
childhood	my	right	thats	there
about	age	be	down	fantastic	how	lane	memory	never	omg	take	talk	to	trip
almost	am	childhood	for	happy	lovely	memories	posting	song	such	teary	thanks	vivid
70	back	band	by	catchy	favorite	great	magic	me	my	right	takes	the	think	this	though	to	track	tune	was
ago	and	brothers	childhood	for	good	long	memories	my	remember	sisters	thanks	time	uploading	with
back	classic	days	don	from	just	like	make	me	my	nowadays	pilot	song	songs	takes	thanks	this	to	younger
again	and	back	be	by	dream	few	for	gone	great	happier	look	miss	moments	of	there	these	times	to
and	back	bringing	by	can	day	feel	for	kids	knew	more	music	never	nostalgic	real	so	than	thank	that	the	they	time	to	today	when	you	youtube
again	all	days	evokes	for	in	is	just	life	me	memories	my	now	of	old	on	the	those	time	was	with	wonderful	years
50s	again	but	mid	suddenly	teenager
and	as	at	away	called	disco	doing	especially	for	great	had	has	help	him	his	how	in	it	john	lot	lovely	me	memories	of	old	one	other	parties	song	stay	take	the	these	this	to	turn	up	used	very	was	we	will	with	years	young
ever	first	for	many	memories	my	record	thanks	the
70s	as	child	in	it	makes	me	middle	of	pilot	simpler	songs	the	time	was
back	could	days	go	those	to	wish
am	back	brought	glad	it	memories	my	pleasure	southam	thanks
back	birthday	brings	buying	first	for	many	memories	my	record	remember	sister	so	this
ago	all	am	as	did	for	from	it	love	now	remember	song	still	thanks	then	this	those	uploading	very	was	years	young
beautiful	brings	childhood	is	me	memories	my	of	part	pilot	songs	thanks	these	to
childhood	love	me	my	of	reminds	this	tune
always	aunt	ever	great	hear	her	me	my	of	remind	song	this	when
amazing	and	beautiful	full	is	memories	no	of	song	this	time	where
12	also	an	back	but	by	can	days	different	don	early	even	get	girl	had	it	know	later	look	loved	me	more	my	of	on	play	reminds	rock	romantic	the	then	think	though	when	who	why	woman	young
14	30	ago	another	anyone	dad	ever	has	he	his	if	is	let	love	man	married	mary	me	mother	my	name	not	old	on	or	passed	she	song	this	was	years	you
62	am	and	at	but	could	dad	do	from	god	he	her	his	house	it	just	like	mid	mum	my	new	on	parties	remember	rest	sang	so	song	soul	this	to	used	was	when	wish	years
an	and	around	as	both	child	died	from	in	just	left	missed	mother	my	of	romantic	ruby	sadly	same	she	sing	soon	the	this	time	to	too	used	was	when	world
ago	all	and	bless	brother	innocent	life	more	much	my	older	ruby	she	simpler	so	those	was	when	years	you
20	and	another	are	favorite	from	have	heard	him	his	in	listen	my	of	on	one	out	played	room	said	should	stay	sunday	that	the	there	they	this	to	top	used	version	was	we	when	you
ago	an	and	dad	days	fast	go	gram	great	his	magical	moments	mum	old	on	putting	radio	remember	so	this	time	voice
13	but	died	favorite	mums	my	song	this	was	when
back	brings	from	great	memories	old	some	sure	wow	years
and	her	like	listen	looked	loved	mom	my	sing	sounded	to	was	when	young
along	and	back	been	brother	but	for	from	going	grade	graduated	happy	has	his	in	is	it	knew	like	me	much	my	name	now	of	older	on	once	other	sang	some	song	still	teenage	the	their	then	this	to	together	very	was	when	with	years	young
be	beautiful	but	don	growing	hearing	her	house	just	like	mom	my	of	really	remember	she	sing	song	sounded	teresa	the	this	to	up	use	voice	was	when	with	would
father	it	love	me	my	of	page	patti	reminds
and	bought	days	first	good	im	it	now	off	old	out	record	remember	still	the	those	was	where
how	last	like	made	many	my	now	of	playing	songs	still	them	these	was	will	youth
after	am	and	big	father	for	great	he	her	lady	loved	me	much	my	sharing	so	songs	teresa	thanks	to	voice	was
after	amazing	are	at	billy	but	can	do	for	great	hear	heaven	in	least	most	on	place	playing	singer	so	still	thank	the	this	to	us	voice	were	wish	with	wonderful	world	you	your	youtube
and	billy	eckstine	feel	for	full	hearing	me	memories	nostalgic	of	sing	so	song	this	voice	what
after	and	billy	concert	eckstine	in	love	met	my	of	see	still	to	together	uk	went	wife	years
are	for	gem	made	memories	of	posting	share	superb	thank	this	you
back	me	my	of	takes	teen	years
1950s	alive	and	be	best	billy	boy	early	golden	great	had	he	him	if	in	live	long	me	my	now	of	on	only	parents	room	see	sounded	sounds	still	the	then	to	took	very	voice	was	were	when	with	young
50s	at	back	bye	club	days	good	in	mr	old	the	to	use
50s	and	back	family	lovely	me	my	nostalgic	of	sing	singer	some	song	songs	takes	the	these	to	used	very
along	came	can	clearly	ed	first	from	hear	hilarious	it	now	on	radio	remember	the	voice	was	when
ames	born	dad	didn	ed	in	it	later	much	my	on	playing	quite	remember	she	sing	song	the	this	to	until	was	well	when	would
and	around	born	but	dance	daughter	don	first	for	her	house	how	in	it	know	memory	my	on	precious	sing	song	sweet	the	this	to	used	was	when	wonderful
almost	ames	ed	hilarious	his	it	johnny	lost	on	remember	show	the	was	when
always	being	for	grandparents	head	in	it	loved	me	my	passed	play	since	song	the	this	through	was	would
61	as	beautiful	born	child	clever	grandfather	in	lyrics	me	my	sang	this	to	voices
actually	baby	dad	daughter	ever	first	for	heard	is	just	my	of	sharing	she	sing	song	thank	the	this	time	to	used	ve	video	was	when	you
55	born	first	in	literally	memory	my	of	one	songs	the
and	back	beautiful	been	brain	days	down	granddaughter	had	has	have	in	into	is	later	little	me	my	now	of	old	only	or	since	so	song	this	to	ve	was	wonderful	years	yes
above	adore	and	baby	back	brings	daddy	father	for	from	he	heaven	high	is	it	listen	me	my	not	our	remember	song	still	the	this	times	to	used	was	when	who	with	years
and	beautiful	happier	of	reminder	safer	sincere	times
50	60	again	and	at	did	ever	experience	from	great	have	it	no	one	play	song	the	then	time	today	was	we	well	what
and	as	back	could	did	fifties	in	lyrics	of	singers	sixties	such	sweet	the	they	today	voice	wish
as	beautiful	born	for	hear	in	it	its	lullaby	me	mum	my	sang	so	song	this	to	was	wonderful
and	dad	day	every	just	me	miss	much	mum	my	of	reminds	so	who
17	another	army	at	be	bitter	but	exact	first	for	home	it	just	left	memory	morning	of	old	on	out	playing	radio	really	record	sweet	that	the	time	to	turned	was	years
always	and	away	boy	came	children	ever	for	going	had	he	heard	it	jimmy	kid	later	married	my	never	older	out	passed	sang	say	sharing	since	sister	song	started	steady	thanks	they	this	to	two	until	was	were	when	with
age	back	brother	crying	died	hearts	him	his	jimmy	my	name	never	stopped	want	was	we
always	an	and	as	been	billy	boy	brother	far	felt	for	got	had	happier	he	heard	his	it	jimmy	little	long	lullaby	me	mother	much	my	one	sad	sang	sharing	since	so	song	such	thanks	that	the	this	to	too	was	when	while
all	and	beautiful	been	brought	danced	eyes	for	girls	god	have	it	listening	many	million	miss	my	not	of	song	tears	thanks	that	the	them	thinking	this	to	tune	uploading	with	years
after	ago	bless	by	can	for	going	hand	have	heard	her	it	look	mum	my	not	of	old	putting	see	she	since	still	the	there	this	through	to	us	was	year	years
because	child	cry	funny	it	made	me	my	played	she	sister	this	thought	to	was	when
cry	girl	just	little	me	my	older	play	see	sister	song	this	to	used	was	when
again	but	could	friend	good	had	her	july	left	miss	my	over	see	she	still	wish	years
10	again	as	been	but	could	died	even	get	gone	have	he	him	jimmy	life	may	miss	my	on	over	see	still	though	well	wish	with	years
13	again	been	enjoy	for	had	it	lovely	much	posting	so	song	thank	this	to	very	was	when	you
days	in	lovely	me	reminds	the	usa	with
beautiful	it	miss	on	remember	shows	that	to	tv	voice	was	watch
1950s	dickie	from	good	is	lovely	memories	remembered	singer	still	the	valentine
50s	again	for	good	great	in	listening	nostalgia	singer	song	the	times
all	an	are	as	dickie	favorite	good	great	guy	like	lovely	make	missed	music	my	no	of	period	rip	sadly	singer	that	the	their	they	this	to	today	voice	was	were	what	when	where	words	you
6rtr	germany	happy	memories	munster
absolutely	and	be	beautiful	feel	forgotten	hear	it	lovely	makes	me	never	of	past	should	song	that	the	this	voice	whenever
brilliant	brings	me	memories	this	to
beautiful	crazy	great	like	me	mother	my	of	play	post	reminds	she	song	such	thanks	this	to	used
55	and	army	every	germany	great	hit	in	most	night	on	played	radio	the	uk	us	while	with
back	brings	happy	memories	was	when	younger
always	and	as	believe	can	crying	dad	for	gone	he	is	life	long	loved	man	me	mom	my	oh	on	posting	sang	singing	thanks	this	to
always	am	back	but	favorite	fifties	found	got	have	here	in	it	mine	my	of	on	so	song	thanks	the	this	to	was	way	who	youtube
age	days	high	me	my	of	reminds	school	song	this	wonderful
dad	every	miss	morning	my	parents	played	saturday	song	this	you
beautiful	every	hear	kind	listen	miss	mom	morning	much	my	of	she	so	song	sunday	this	to	used	when
16	1963	great	in	my	old	song	was	youth	yrs
all	are	back	bring	could	don	know	missing	must	people	sing	these	they	we	what	wish
clasmate	danilo	first	from	heard	my	old	song	this	was	when	years
10	50	60	and	back	brenda	dear	early	emotions	hearing	her	late	like	old	records	such	thank	this	time	to	turn	voice	was	with	wonderful	year	you
1963	by	bye	first	for	have	heard	holds	missed	still	the	this	time	way
and	back	could	days	during	how	listen	lovely	many	old	see	so	songs	the	them	time	to	turn	we	wish
beautiful	end	nostalgia	of	song	the	world
12	1963	brenda	in	lee	old	pretty	remember	such	very	voice	was	well	with	years
back	beautifully	bring	classical	hauntingly	song	songs	these	what
and	back	beautiful	every	hearing	in	melody	sends	so	the	this	time	tune	you
10	11	and	but	by	first	for	her	not	old	on	or	remember	she	such	sure	that	tv	voice	was	what	year	years	young
flies	how	oh	only	time	was	wow
back	be	being	by	childhood	era	for	garbage	goes	going	in	kids	music	my	no	not	of	played	teen	the	their	this	to	tune	wise	with	would
1963	back	high	in	sad	school	senior	song	was
13	1963	and	explosion	happening	in	music	was
brenda	davis	didn	grew	had	it	know	listening	of	song	soul	this	to	until	up	version
brenda	childhood	crush	first	is	lee	lol	me	my	older	she	than	two	years
10	again	and	back	big	bless	found	god	her	in	it	later	me	my	old	only	out	played	sad	sister	sisters	some	song	still	take	the	this	time	to	was	when	why	years
and	artist	brilliant	everlasting	from	great	greetings	ireland	music	my	of	youth
again	davis	do	first	hard	heard	remember	skeerter	the	this	time	to
2006	broke	down	from	in	left	me	on	played	radio	she	sixties	song	the	this	when
being	day	every	for	it	knowing	listen	literally	little	lots	nostalgia	not	of	someone	song	that	this	to	used	was	what	when	world
and	away	beautiful	because	early	from	growing	have	her	lord	loved	me	miss	much	my	of	passed	reminds	sister	so	the	this	to	took	up	we	were	when	young
beautiful	great	is	many	memories	much	so	song	thank	this	video	with	you
back	bring	for	like	listening	memories	miss	music	on	radio	thankful	the	this	to	wonderful	youtube
50	after	ago	and	back	could	if	listening	love	miss	much	only	so	still	the	this	to	turn	we	years	you
all	and	grow	hit	it	knowing	make	me	never	on	passed	sad	so	that	them	they	those	up	with
2019	70	am	and	been	better	bringing	childhood	have	in	is	it	listening	lived	memories	my	now	of	on	radio	really	station	still	the	to	we	what	which	why	world
2019	60s	70s	and	back	childhood	listening	me	november	of	really	remembering	songs	take	the	these
and	another	but	don	has	kind	know	magical	me	my	of	some	song	soul	takes	that	this	to	word
and	are	for	her	it	just	late	lonely	love	me	memories	my	of	reminds	she	sister	songs	these	to	us	used
dad	my	remember	singing	this
16	1963	cry	for	in	it	makes	me	my	was	youth
adore	nostalgic	song
1963	also	an	and	bad	big	brenda	dear	died	ever	every	for	friend	girl	good	got	grandfather	great	high	in	lost	me	my	never	night	of	part	school	senior	she	since	singer	songs	that	the	very	was	we	well	where	year
and	been	but	every	have	it	just	knew	may	sang	sleep	this	to	word
am	enough	liked	meaning	music	now	of	old	song	thank	that	the	to	understand	was	when	you	young
across	always	back	be	best	but	child	great	has	heard	just	long	me	my	of	really	since	so	song	takes	the	this	ve	version	was	when	will	with	world
1963	50	and	back	barber	came	can	dad	during	for	go	home	in	like	morning	my	no	of	on	saturday	sitting	sounds	the	there	we	went
and	dedicated	first	heard	is	it	love	music	tara	the	this	to	was	when	you	young
and	lovely	nostalgia	pictures	sad	sweet
60	back	come	early	omg	please
11	and	back	car	grandfather	he	heaven	him	in	me	music	my	now	of	our	play	reminds	still	this	was	way	when	would
56	during	memories	much	so	this	with	years
always	and	brother	elder	fantastic	it	listen	my	old	play	popular	song	then	this	to	was	when	years
angst	challenges	child	days	good	life	of	old	play	real	teenage	the	to
55	age	dad	day	died	every	in	loved	miss	mum	my	old	parents	song	they	this	was	years
13	old	remember	song	this	was	when	years
always	and	as	back	dad	dances	did	everything	for	from	generation	goes	head	hear	in	living	love	me	mom	my	now	of	on	passed	reminds	song	the	then	they	this	were
after	away	first	for	grade	hope	in	kind	life	love	man	moved	my	oh	song	the	this	to	was	you
and	are	back	best	brings	but	came	car	good	had	hear	im	in	it	like	love	memories	old	oldies	only	song	songs	station	that	the	these	this	was	would	years
back	bring	the	time
60s	70s	80s	and	are	childhood	dances	didn	don	each	favourite	from	girl	gone	great	have	hear	high	in	is	it	just	know	long	love	missing	music	night	no	of	or	other	our	parties	rock	school	so	songs	summer	the	there	they	to	today	we	were	with	wonderful	your	youth
all	back	came	days	did	feel	got	me	never	of	reminded	same	school	sweet	the	those	who
and	away	best	both	boyfriend	first	friend	from	him	me	my	of	on	over	playing	reminds	shame	song	them	this
and	beautiful	childhood	from	my	song	woman
and	by	came	children	day	don	felt	from	have	hear	heard	in	just	like	looking	mind	mother	my	never	not	now	old	or	out	school	sharing	she	song	still	that	the	this	to	was	when	years
back	bring	but	can	days	go	good	never	old	song	sure	the	this	to	you
back	being	brings	by	dumped	emotions	first	full	girlfriend	is	loss	my	of	song	the
40	childhood	first	from	hit	my	remember	the	top	very
evokes	happy	many	memories	thanks
memories	miss	old	those	yes
13	1960	age	already	and	artists	at	beautiful	great	knew	love	many	my	of	parents	sing	song	songs	the	this	to	us	used	we
ago	as	boy	high	it	long	remember	school	was	what	young
an	as	beautiful	changed	during	every	for	glad	had	handsome	in	is	knew	most	music	must	of	people	say	so	the	there	this	time	was	we	well	were	when	wise	with	word
and	away	best	heart	is	lonely	love	my	of	oldies	ones	parents	passed	remember	song	the	who
for	marvelous	moments	much	nice	remember	so	thank	these	to	you
back	brings	happened	memory	music	the	this	to	voice	what	wow
and	better	bless	brenda	child	days	god	great	happy	lee	life	make	marvelous	may	me	memories	now	singer	thanks	those	was	when	you
again	all	are	best	favorite	feel	for	love	makes	me	million	my	old	songs	thanks	them	those	today	young
beautiful	heart	it	my	nostalgic	sounds	to	voice
all	and	before	believe	came	can	have	heard	it	loved	me	missed	never	on	radio	song	the	these	this	today	years
missed	was	when	young
ate	back	brings	memories	miss
ago	always	and	boy	come	father	find	he	here	in	it	just	little	memories	my	not	now	really	some	song	this	was	when	with	years
2018	beautiful	even	for	in	marvelous	moments	remember	song	thanks	these	to	what
2018	again	and	dear	for	good	great	in	like	listen	passed	remembering	sironaca	song	thanks	this	time	to	we
about	forgot	memory	now	that
and	cared	listen	only	she	singer	teenager	that	the	to	was
back	bringing	days	happy	memories	they	were	wonderful
67	all	always	am	and	but	heard	it	love	loved	much	older	so	song	still	the	they	this	was	when	years	young
17	56	ago	all	along	friends	from	going	here	in	it	lyrics	my	now	old	over	popular	sing	singing	song	songs	speakers	the	this	through	to	town	was	when	with	years
12	1963	after	and	at	brenda	couldn	every	everyday	got	her	in	just	lee	little	love	my	night	of	old	on	one	played	radio	records	sleep	so	songs	that	the	think	to	was	went	with	years
1963	and	days	early	for	get	had	have	hope	in	it	listening	lovely	of	off	on	out	really	right	school	snow	song	the	this	to	us	used	very	was	when
back	bring	catchy	music	nice	simpler	them	times	tune
awesome	back	brings	memories
14	15	and	around	at	danced	days	early	for	in	love	me	most	my	of	old	part	party	philippines	really	reminds	romantic	sister	song	that	the	think	this	time	to	was	years
but	by	childhood	memories	my	passed	same	stays	the	years
always	are	everyone	love	made	memories	of	these
70	benson	childhood	for	from	great	me	my	of	reason	reminds	robbie	some	song	this	tune
back	brought	days	great	sears	some	song	thanks	this	wow
how	miss	oh	simple	them	times
about	and	could	days	from	good	like	not	old	song	the	when	worry	you	your
age	and	at	because	dad	didn	english	even	first	it	know	learned	like	my	oh	old	play	remember	song	that	the	this	though	to	used	was	when	years
70	during	early	germany	in	memories	mind	stationed	the	this	with	wow
brought	child	commercial	me	memories	remember	song	sweet	this	to	tv	was	when
an	ex	it	love	me	of	reminds	rides	sunday	with
back	brings	childhood	from	great	is	memories	my	song	this
again	although	and	at	day	didn	has	hear	in	it	like	long	love	me	nostalgia	of	other	really	reminds	song	teenager	that	the	this	time	to	used	was	when
another	classic	memories
40	ago	back	brought	is	it	like	memories	over	really	remember	sears	some	song	the	this	to	was	well	which	words	years	yesterday
by	days	evokes	for	gone	makes	memories	old	song	timeless	yearn	you
all	and	are	as	back	be	can	come	day	distant	for	gone	have	hearing	her	hope	in	is	karen	long	lost	loved	memories	miss	music	never	new	now	on	ones	our	past	remember	she	some	song	that	the	then	there	they	think	this	through	us	we	while	will	years
ago	another	at	can	day	english	first	forget	heard	in	is	listening	me	memory	music	my	never	one	remember	say	songs	still	teenager	that	the	this	time	town	two	was	years	you
1970	70	am	an	and	backyard	being	childhood	great	have	in	kind	memories	miss	mom	music	my	of	on	own	playing	radio	sitting	sun	the	this	wonder	years	young
and	back	band	good	great	like	now	round	someone	sound	then	there	this	times	was	what	wish
70s	as	at	awesome	being	cant	for	go	great	him	kid	loved	the	time	times	we
every	father	heard	memories	morning	mother	my	song	sung	this	those	to	up	was	when	while	woke	young
albums	back	brings	friends	listening	my	precious	teen	to	with	years
about	great	kid	little	makes	me	remember	song	still	the	this	times	was	when
and	brings	oldies	past	tears	times
great	group	holds	loved	memories	music	still	that	this	up	wonderful
all	and	aunts	dance	house	in	miss	my	on	play	really	record	song	stereo	that	the	was	we	would
16	but	came	good	incredible	memories	out	this	was	when	wow
1976	but	certainly	dances	did	find	for	hard	heart	is	it	just	love	makes	many	me	memorable	most	my	of	one	out	records	smile	so	that	the	this	to	year
back	lady	me	of	reminds	song	special	takes	this	way
70	back	brings	definitely	great	memories
1977	and	fell	first	from	grade	high	in	it	john	jr	love	loved	my	now	of	real	school	song	summer	the	then	this	with	year
19	and	as	brings	by	cassette	get	in	it	life	lonely	love	memories	music	my	nostalgia	of	old	older	on	or	out	past	playing	so	this	though	through	year	you
and	back	be	dance	days	fantastic	has	loved	me	miss	not	of	people	really	right	song	summer	takes	the	this	those	to	what	when	with
and	college	dream	from	got	graduated	great	had	ibm	job	just	memories	what	with
is	marvellous	memories	miracles	music
chester	childhood	heart	love	me	my	of	pa	reminds	song	sweet	this
70s	and	as	back	bring	cd	damn	danced	day	every	good	have	in	it	kid	like	listened	me	my	not	room	songs	the	this	times	to	used	world	worry
and	days	get	hearing	homesick	miss	oldies	those	when
40	an	angel	as	brings	girl	good	had	in	it	like	listened	long	loved	many	me	memories	much	nice	not	of	one	really	so	songs	the	those	time	times	to	very	with	year	years
14	at	beautiful	did	disc	don	every	for	get	got	home	how	in	many	of	old	played	player	record	remember	song	the	this	times	to	was	when	years
back	good	many	years
beautiful	listening	many	memories	so	song	this	to
dad	driving	first	good	grade	in	man	memories	music	my	now	old	on	playing	remember	riding	school	the	this	to	way	with
am	and	back	being	brings	but	by	car	day	fell	felt	for	good	grandma	heard	in	it	just	listening	love	me	memory	my	old	or	remember	she	song	summer	that	thats	the	this	to	was	we	were	with	years
12	1976	70	at	best	but	disco	ever	holiday	in	it	love	me	my	no	of	off	one	records	reminds	summer	the	this	was	when
and	artists	back	brings	great	group	many	memories	so	song
18	1976	and	back	be	just	listen	old	taken	this	to	want	whenever	years
actually	back	but	dancing	days	fun	it	me	my	not	soul	still	takes	there	this	to	was	watching
15	70	actually	air	an	as	at	back	best	called	entire	ever	had	have	he	heard	his	in	introduced	it	life	little	man	my	new	one	only	out	pilot	played	show	song	speakers	that	the	then	there	this	through	time	to	very	was	we	went	when	who	with
10	47	back	brings	good	its	like	me	now	old	so	then	was	wow	years
at	bbc	chicago	dancing	disco	great	in	memories	the	this	to
appear	because	generation	hear	it	make	me	new	nostalgia	old	really	song	songs	thank	the	to	want
2019	days	from	good	greetings	listening	of	old	part	philippines	reminiscing	the
20	am	before	but	for	have	in	karen	listening	longing	my	nostalgia	period	reason	rip	some	this	time	to	way
across	back	bring	me	times	to	yeas
after	and	as	beat	beautifully	close	cry	did	doing	each	favorite	forever	friend	from	had	hear	heard	her	hope	if	in	is	karen	last	life	liked	lost	made	me	my	not	of	on	or	remind	said	she	sing	singing	song	songs	still	swear	that	the	this	time	to	voice	was	we	were	when	will	years
and	back	by	changed	gone	good	had	has	how	in	it	looking	makes	much	on	rather	sad	so	that	the	times	today	was	years
best	childhood	ever	memory	my
awesome	listen	material	nostalgic	sweet	to	tune	very
all	am	and	boy	country	for	grandma	in	listen	missed	my	people	remember	song	the	this	time	to	want	was	when	with	world
again	be	kid	makes	me	song	this	to	want
back	childhood	lovely	me	memories	my	takes	to
about	always	am	and	as	be	but	carefree	cry	days	every	forever	good	how	it	its	life	listen	makes	me	memories	old	on	only	reminded	right	song	that	things	this	those	time	to	was	were	will
70	and	better	but	had	it	less	miss	simpler	the	times	was	we	world
2019	back	come	memories	my
me	reminds	song	this	was	when	young
and	brings	car	carpenters	good	hear	in	it	loved	me	memories	mom	my	of	riding	singing	so	songs	the	their	these	to	tunes	when	with
about	and	back	brings	childhood	everything	from	jeez	my	parents	song	this
70s	back	brings	early	good	growing	in	memories	the	times	up
07	1977	2019	august	carpenters	husband	in	many	memories	met	my	nice	on	radio	so	the	today	were	wonderful
57	all	back	being	by	fast	great	how	just	looking	makes	me	now	passed	sad	so	teenager	the	think	time	times	to	was	when
19	ago	but	cassette	change	growing	it	mom	more	my	no	nostalgia	only	playing	remember	tape	the	this	through	times	was	years
50	ago	back	brings	cry	it	license	me	song	this	to	years
2016	22nd	and	back	beautiful	daughter	days	happy	july	me	my	passed	remembering	song	takes	to	who
2019	and	back	brings	girl	her	is	it	june	lane	listening	lot	me	memory	song	the	this	to	today	who
beautiful	for	me	mom	my	nostalgic	sing	so	this	to	used
2019	full	great	it	june	memories	of	played	this	time	times	unforgettable
and	as	but	by	cried	did	elementary	feeling	first	flies	getting	in	is	listened	lyrics	not	quite	school	song	the	this	time	to	understand	was	when
am	cause	crying	dad	days	it	listen	me	my	of	old	reminds	song	the	this	to	when	with
15	am	and	at	brought	childhood	eyes	friend	have	it	listen	me	my	of	really	reminded	sang	school	since	tears	this	to	today	was
and	anymore	are	because	before	can	changed	do	fast	from	have	in	innocent	it	like	makes	memories	not	oh	or	past	people	person	re	sad	so	tears	that	the	there	things	to	you
50	60	70	after	alive	and	be	days	doing	everything	find	gives	gonna	good	goosebumps	got	heard	if	is	it	ll	me	nostalgic	now	old	or	remember	since	so	song	still	teary	that	the	this	those	was	when	where	years
2018	and	august	back	been	brings	childhood	cry	every	first	from	have	hear	heard	it	la	listening	many	memories	my	of	since	so	song	still	this	time	to	woah	wonderful
beautiful	boy	childhood	days	her	how	it	lyrics	memories	oh	played	remember	so	sweet	the	those	to	voice
age	am	around	at	back	but	childhood	died	grandma	memories	missed	my	of	she	the	to
and	back	beautiful	bring	childhood	days	do	girl	happy	head	hear	hearing	in	is	it	just	little	lot	memories	my	no	of	off	on	out	played	playing	radio	remember	song	the	this	was	when	where
2019	come	favorite	growing	here	is	june	my	nostalgia	song	this	up
absolutely	after	and	bad	because	childhood	feel	great	heard	her	it	just	like	listen	love	make	many	me	melody	my	now	of	school	since	so	some	song	still	such	the	this	time	to	voice	want	was
18	although	and	car	do	english	even	first	in	is	it	kindergarten	know	learned	mum	my	not	of	on	remember	sing	song	still	that	the	this	times	to	was	what	when	year
africa	days	east	in	kenya	me	my	of	reminds	song	teenager	this
1973	and	angel	away	back	have	in	karen	may	me	mother	my	of	passed	rip	song	takes	the	this	time	to	voice	you
50	60	70	73	80	about	although	and	angel	as	big	but	called	day	every	for	friends	glad	graduated	great	have	in	just	knew	love	loved	me	memories	my	of	oldies	sisters	song	songs	teen	thanks	that	the	these	to	well	words
16	am	fast	flies	hear	love	my	now	old	so	song	this	time	times	to	when
am	in	it	kindergarten	love	made	me	past	play	remember	song	teacher	the	this	when
always	childhood	me	my	of	reminds	song	this
12	am	and	back	boy	bring	can	changed	first	has	heard	high	it	just	love	many	me	memories	much	my	now	school	so	song	still	tears	teenage	this	time	times	to	was	when
14	am	and	died	feel	grandmother	heard	her	little	makes	me	my	nostalgic	now	old	really	remember	remembered	sad	singing	song	that	this	was	when	which	years
all	along	and	as	back	bring	cry	grow	her	just	listen	listening	memories	my	see	she	sing	song	to	we	with
childhood	favorite	finally	find	memories	of	song	the	tons
and	back	had	how	just	loved	mp3	much	my	on	player	remembered	since	so	song	then	this	was
at	back	childhood	go	hear	longing	my	radio	song	that	the	this	time	to	very
1973	am	and	be	but	feel	forever	greatest	hit	is	it	like	remember	september	still	was	when	will
always	childhood	days	everytime	kid	kind	like	listen	music	my	of	parents	play	so	this	time	to	was	when
and	childhood	clearly	comeback	favorite	me	my	noise	of	omg	radio	song	the	to
am	amazing	and	been	childhood	every	feel	have	in	is	it	like	listen	listening	made	me	my	night	old	since	sleep	song	this	to	was	years
back	brought	cassette	classic	kid	listen	memories	much	on	so	song	this	to	used	was	when
1970s	back	days	early	elementary	in	me	my	school	takes	the	to
and	be	can	childhood	cried	day	every	forever	getting	just	loved	me	my	older	one	people	stay	that	the	them	to	want	way	were	when	who	with
2019	back	bring	hahaha	me	memories	nice	song	this	to
40	and	away	before	friends	have	leaving	listen	many	memories	memory	my	of	passed	past	remember	song	still	this	unforgettable	which	while	years
beautiful	me	of	reminds	song	was	when	young
1970s	40	ago	already	and	back	band	be	beautiful	brings	but	can	childhood	classic	could	country	enough	from	heard	here	in	is	it	love	memory	my	not	old	player	sing	songs	still	that	the	there	these	this	to	was	were	when	years	you
ago	an	be	could	cry	days	is	it	karen	lost	makes	me	painful	really	sadly	song	still	these	this	to	today	way	we	wish	world	years	yesterday
and	baby	carpenters	childhood	damn	every	good	hit	lol	loud	lullaby	mum	my	old	on	out	sang	tape	the	times	was	yes
all	back	brings	favorite	memories	my	of	one	songs	those	time	top
all	and	anymore	back	beautiful	brings	childhood	here	memories	my	not	of	some	song	them	this	was
1973	again	along	always	and	be	beautiful	came	experienced	from	in	is	me	more	music	my	never	now	on	once	place	radio	she	song	thats	the	this	through	time	to	was	where	will	with	years	yesterday
30	ago	am	boy	from	in	long	mind	my	primary	romantic	school	so	song	time	when	years
and	deceased	nostalgia	sentimentality	the	to
as	best	her	is	kid	memory	my	of	song	this
miss	much	remember	so	song	still	them	this	was	when	young
12	about	and	beautiful	girls	hear	just	my	myself	of	remember	romantic	said	so	song	thank	that	to	was
and	carpenters	couldn	dad	days	for	introduced	it	karen	left	me	memories	my	on	putting	remember	sad	stay	thank	the	to	was	when	you
car	childhood	in	listen	me	my	of	reminds	song	the	this	to	used
1974	album	all	always	and	are	around	back	be	bringing	brothers	every	fell	floor	had	her	house	in	listening	living	love	music	my	of	on	over	player	record	remember	room	she	song	that	the	to	voice	we	when	will	with
40	about	ago	away	brother	children	hearing	him	is	it	listening	loved	me	music	my	now	of	passed	reminds	some	this	to	we	were	when	who	with	years	younger
first	forget	grade	heard	in	life	my	never	sixth	song	that	the	this	time	was	will
die	hard	me	memories	my	of	reminds	youth
and	back	beautiful	bring	childhood	happiest	memory	my	song	this
all	and	back	come	every	grew	heart	it	memories	my	nice	song	this	those	time	touches	up	with
back	brings	me	more	once	yesterday
and	be	could	decency	it	meaning	more	once	song	wish	with	yesterday
also	always	and	bad	can	childhood	come	just	listen	miss	my	not	old	sleep	so	this	to	when
childhood	cry	happy	made	me	miss	my	of	reminds	song	this	those	times
back	childhood	go	my	once	only	to	want
1973	after	along	and	back	beautiful	did	first	for	from	heard	in	it	music	my	of	on	radio	record	singing	some	song	station	suddenly	thing	this	was	way	what	with	wonderful
70s	as	back	fresh	give	had	in	missed	much	sadly	so	sounds	still	the	today
afternoon	always	cassette	me	mom	my	of	on	play	reminds	sunday	this	vibes
10	almost	been	everytime	first	its	just	kid	listened	piece	remember	since	the	this	time	to	was	when	years
but	certainly	cried	elementary	english	favorite	for	grade	in	it	just	listen	my	not	of	radio	school	songs	sure	that	the	time	to	was	when	young
all	away	but	gone	it	just	like	listen	more	once	re	songs	that	they	those	to	when	years	yesterday
about	am	and	as	back	be	beautiful	been	big	can	childhood	coming	everytime	father	first	had	has	hear	heard	how	in	is	it	karen	later	left	liked	my	never	now	of	old	on	or	remember	riding	say	smile	song	soon	thank	the	there	this	to	too	us	voice	was	when	with	wonderful	you
80s	every	good	had	happiest	hear	it	me	of	reminds	sad	so	song	the	this	time	we	when
as	back	beautiful	bringing	childhood	days	favorite	for	good	happy	is	it	karen	lots	me	memories	miss	most	much	my	of	old	one	reminds	singing	song	songs	such	thanks	the	this	wonderful	years	you
and	back	familiar	lyrics	me	old	rhythm	take	the	time	to
all	back	best	clearly	come	me	memories	my	song	this	to	with
actually	and	family	friends	me	my	of	reminds	song	this
1973	all	almost	back	beautiful	being	brings	every	first	go	great	hear	in	it	memories	more	my	of	once	played	song	the	this	time	to	two	voice	was	we	weeks	yesterday
after	are	back	best	come	cry	even	friend	happy	just	long	lost	make	me	memories	miss	never	now	once	really	show	they	those	times	up	where	will	yesterday	you
back	best	brings	days	fond	golden	good	memories	of	old	the	those	top	very
again	also	and	are	as	at	be	bringing	can	doing	down	emotions	get	go	gone	good	great	had	her	innocence	karen	kids	lane	life	memories	memory	music	my	not	of	old	on	or	real	record	records	rip	sad	so	soon	that	the	these	to	trip	up	used	voice	was	we	what	when	years
are	changed	had	have	heart	if	in	is	life	lyrics	makes	me	much	of	rather	really	remember	sad	seem	so	song	that	the	there	this	those	time	to	today	want	which	wish	words	you
again	and	at	back	beautiful	brought	day	feel	good	has	have	in	it	lot	many	me	memories	my	nice	on	ones	out	page	please	remember	school	singing	slow	so	song	thanks	that	this	time	to	was
childhood	cry	forever	make	me	memories	of	remind	young
back	brings	it	me	memories	mom	my	really	sing	this	to	used
1973	date	first	in	lingers	memories	my	singing	song	this	was
all	back	beautiful	bring	for	gone	grew	is	just	love	many	me	memories	music	of	one	shame	she	so	songs	that	them	these	this	those	up	voice	with
70s	growing	in	kid	me	of	reminds	song	the	this	up	was	when
1960	2018	40th	all	and	born	day	friend	great	have	in	know	life	listen	love	missed	most	much	my	never	now	of	old	really	songs	still	such	them	till	time	to	up	use	very	was	will	years	you
20	again	and	can	close	could	ever	every	eyes	hear	her	it	last	listen	long	love	me	missed	mom	more	my	of	reminds	singing	song	than	these	this	till	time	to	ve	we	words	years	you
always	back	bring	childhood	me	my	song	this	to
back	childhood	it	kid	me	mum	my	play	takes	to	use	was	when
1976	all	back	brings	during	grade	in	many	memories	miss	my	played	so	songs	teacher	thanks	their	this	year
album	childhood	christmas	favorites	from	grew	listening	my	of	one	still	their	to	up	voice
and	brings	childhood	days	love	me	miss	the	to
all	back	best	clearly	come	me	memories	my	to
back	bringing	childhood	finally	for	found	hear	it	let	me	my	of	old	on	parents	part	radio	thank	the	this	was	when	years	you
always	and	by	has	heaven	in	introduced	it	listening	me	memories	mother	my	our	remember	song	thank	this	to	you
feeling	my	nostalgic	school	time
2018	all	amazing	back	best	clearly	come	listening	me	memory	more	my	once	to	very	voice	what	who	wow	yesterday
1970	and	as	carpenters	in	june	late	me	memory	nice	playing	radio	remember	the	were
all	and	around	being	child	dad	fabulous	how	it	memories	miss	mum	music	of	oh	the	this	trips
away	back	come	memories	my	old	or	please	take	them
age	anymore	beautiful	because	but	crazy	did	do	listened	love	makes	memories	miss	not	now	recall	songs	still	the	things	those	was	when	young
cry	days	listened	loved	made	me	missed	so	song	songs	strongly	the	this	those	understand	when	you
10	15	60s	about	an	and	as	back	being	brings	came	could	early	first	for	from	funny	her	how	in	it	listening	look	memories	music	now	of	old	on	out	relate	remember	reminiscing	she	song	teenager	that	the	this	to	was	we	when	years	younger
and	back	both	brings	early	happy	left	memories	music	sad	too	us	you	your
40th	already	beautiful	get	it	more	once	song	this	very	was	when	wish	years	yesterday
album	back	car	could	finally	found	grandpa	in	it	listened	many	my	oh	only	remember	so	this	to	years
afternoon	beautiful	every	in	middle	miss	my	plays	school	song	that	this	times
can	days	every	had	in	into	just	listen	making	miss	myself	night	song	stop	tears	the	this	time	to	we	when
30	about	after	again	and	back	best	brings	childhood	days	during	emotions	ever	for	forgot	growing	it	like	lived	my	of	one	past	singers	singing	song	tears	that	the	this	up	was	years	yesterday
early	flashing	hear	keep	memories	mind	my	of	seventies	song	this	to	whenever	wow
actually	all	always	and	are	back	brings	but	different	each	english	for	happy	it	kid	listen	many	me	memories	mom	my	now	other	played	remember	said	see	she	so	something	song	still	that	there	this	till	to	together	understand	us	was	we	when	which
and	back	by	changed	gone	good	had	has	how	in	it	looking	makes	much	on	rather	sad	seem	so	that	the	times	today	was	years
and	cant	father	first	found	help	in	just	kid	listen	lyrics	many	music	my	now	passed	room	so	song	stop	tape	tears	the	this	to	understand	was	when	years
an	as	bought	can	country	days	enough	even	first	go	had	in	it	listen	lyrics	mp3	music	my	of	on	ones	play	player	remember	sadly	so	something	song	teenager	the	this	time	to	today	very	was	when	which
and	as	by	did	gives	goes	he	if	in	just	memories	not	passed	past	so	song	the	this	time	to	yesterday
am	and	back	can	childhood	family	first	great	happy	how	in	just	knew	listened	lyrics	melody	my	nice	now	only	or	song	strongly	the	then	this	those	times	to	voice	was	when	with
alive	all	am	and	back	brings	felt	great	had	it	life	so	stell	then
at	best	dancing	disco	in	night	on	remember	the	this	to	town	with
childhood	lots	memories	of
and	brother	everyone	friends	high	home	in	it	me	my	on	playing	remember	saturday	song	the	this	to	until	watch	with
birmingham	blades	days	good	me	of	old	reminds	silver	sundays	the
14	15	and	at	came	in	it	jukebox	keep	knew	loved	much	never	of	only	or	out	over	playing	she	so	the	time	to	uk	was	when
2019	absolutely	always	back	be	brings	dad	day	forever	july	life	little	love	memories	miss	much	my	of	playing	rip	so	the	this	was	when	will	you
and	back	band	bringing	done	england	fabulous	for	great	lovely	memories	song	thank	well	what	you
1963	57	age	all	am	and	are	at	back	but	did	do	feel	from	go	hear	in	into	is	it	listening	little	machine	many	me	music	my	not	now	people	see	that	the	there	time	to	today	very	want	way	what	when
60s	again	amazing	and	are	as	before	born	came	can	every	gold	grow	it	just	listen	love	mum	music	my	on	out	over	song	sunday	the	their	to	up	was	with	years
1966	again	and	are	best	bought	certainly	day	full	get	great	in	is	it	its	music	my	never	of	old	on	over	played	player	pleasure	record	singers	so	song	still	teenage	the	them	this	to	very	was	watch	when	wonderful	years
and	as	because	by	can	drums	for	great	heard	it	little	much	my	never	now	of	oh	older	or	over	playing	records	remember	say	singing	sisters	song	teenager	that	the	to	too	was	what	while	years	yes	young
carl	for	memories	nostalgic	thank	the	you
10	45rpm	and	bringing	brother	favorite	home	my	on	record	remember	this	was	yardbirds
all	away	back	best	brings	british	fast	great	had	high	memories	music	of	school	some	that	the	too
about	and	did	first	good	high	if	in	kids	listening	makes	me	memories	most	music	not	of	old	school	singing	still	that	the	these	thing	this	to	too	was	were	what	when	youth
12	1966	are	but	for	great	memories	music	never	of	old	only	so	the	their	then	these	they	time	was	way	were	yardbirds	year	years
and	back	brings	love	memories	this	timeless
back	favorite	first	husband	me	met	my	never	now	or	song	takes	this	time	to
after	albums	all	always	and	away	awesome	been	best	brother	elvis	ever	few	from	got	had	handsome	have	he	his	in	it	just	made	man	my	of	one	out	passed	records	rest	so	songs	the	then	there	this	was	with
air	before	great	lot	memories	my	of	play	popular	senior	song	summer	the	year
and	child	each	every	for	from	get	in	living	other	song	there	this	was	when	where	with
dad	he	heaven	in	kid	loved	miss	much	my	so	song	sung	this	to	used	was	when
am	car	dad	in	listening	me	my	of	old	on	remind	school	song	this	to	way	when	years
benson	but	glen	it	listen	love	many	memories	pure	sang	singing	so	song	take	this	to
every	forever	happy	it	love	memories	party	played	song	this	we	were	when	will	young
but	cassette	for	from	it	listened	my	quality	radio	recorded	remember	song	teenager	the	this	to	was	when	years
80	are	best	childhood	music	my	remembered	the
about	always	be	born	can	gentle	have	in	innocent	is	it	no	or	pure	sing	singer	so	there	this	those	times	to	today	was	way	who	why	wish
80	90	always	back	best	brings	ever	from	good	great	is	it	love	memories	music	my	of	old	song	such	the	youth
all	back	brings	dance	during	first	good	has	is	it	lasted	lot	memories	my	of	played	sister	so	song	that	their	these	this	wedding	years
1985	80s	back	brings	find	in	into	it	looked	loved	memories	released	song	swear	the	this	until	was
18	always	at	beautiful	but	fast	goes	had	it	listen	memories	of	song	that	this	time	to	years
17	1987	back	beautiful	brings	him	just	like	memories	much	old	so	song	then	this	was	years
1988	backyard	best	dance	friend	in	is	learning	my	remember	slow	song	summer	the	this	to
80s	back	beautiful	childhood	experienced	had	hahaha	happy	it	love	makes	me	music	my	one	so	song	takes	the	this	to	wow	years
40	80	90	and	back	brings	era	experience	glad	got	in	memories	mid	much	my	now	of	sad	so	teenager	that	the	to	was	when	years
and	anyone	back	best	could	get	happy	in	it	just	knowing	life	live	ll	my	never	of	our	rest	so	song	that	the	thing	this	turn	up	was	we	wish	with	you
back	bring	build	can	machine	music	must	need	please	someone	this	time	we
back	damn	dance	dances	high	jr	me	school	someone	takes	the	to	up
after	and	first	her	love	loving	many	memories	met	mine	my	never	reconnected	so	song	stopped	this	to	was	we	years
80	as	back	change	feeling	for	gonna	in	its	love	my	nothing	same	song	the	this
1980	about	and	car	forget	happy	her	in	lady	love	makes	me	miss	never	she	so	song	the	think	this	together	was	we	were	when	will
actually	and	date	for	girl	happy	have	how	life	like	living	love	make	marriage	no	now	of	on	place	sad	taken	that	the	things	time	to	was	we	when	would
and	classics	days	favorite	is	it	me	my	of	one	reminds	song	this	those	timeless
beautiful	brings	first	heard	him	is	love	memories	met	most	my	song	that	the	time	today	up	what	wife	woman
back	brings	childhood	good	love	memories	song	this
all	and	brain	childhood	coming	great	is	life	memories	my	song	to	youth
17	1987	and	awesome	back	brings	hear	in	kids	lasted	memories	my	some	song	still	this	together	was	we	wedding	when	why	wonder	years
18	1988	again	and	fond	it	leaving	memories	of	party	sixth	summer	the
80	and	are	at	best	boy	dancing	era	ever	girls	in	love	magic	of	one	parties	remember	song	songs	the	this	time	was	we	when	with	young
all	and	away	back	be	brings	but	didn	family	felt	friends	great	heart	it	know	last	many	memories	moved	my	or	past	some	song	the	then	this	time	together	were	would
and	beautiful	close	cry	eyes	flashback	had	have	is	listening	love	memories	most	my	song	still	that	the	to	when
12	and	at	forever	girl	innocence	it	love	man	of	oh	old	on	recorded	released	song	stay	tape	the	this	time	to	was	when	who	with	year
17	19	1987	30	50	almost	and	as	beautiful	brought	did	each	girlfriend	gives	have	how	in	incredible	is	it	lot	love	many	me	memories	mind	my	nostalgia	now	of	old	on	other	passed	same	so	song	such	the	this	time	to	video	was	watching	we	who	with	wonderful	years	young
80	90	and	best	life	miss	my	of	really	the	years
days	especially	it	makes	me	nostalgic	school	the
am	beautiful	brings	for	good	it	kind	me	memories	music	of	song	thankful	that	very	was	when	younger
17	about	although	always	and	at	came	didn	ever	going	holiday	in	know	loved	now	on	or	really	remember	since	song	the	this	time	tv	ve	was	what	when
days	heard	man	memories	miss	my	song	stomach	this	those	turned	when
again	back	days	these	were	wish
and	are	back	brings	ever	for	get	gone	got	in	it	live	love	me	my	never	of	old	on	school	song	the	this	to	was	were	when	young	your
40	about	after	always	am	and	back	be	because	boy	brought	come	fell	flies	he	him	his	in	innocent	knew	love	man	memories	must	name	never	now	of	old	on	optimistic	school	song	still	the	this	time	to	tv	was	watch	when	with	would	years
18	30	80	after	again	ago	and	back	better	but	can	first	he	high	in	is	it	love	me	music	my	never	nothing	now	our	school	sing	singing	than	the	they	this	to	true	used	was	with	years
beautiful	days	happy	her	holiday	listening	many	me	memories	miss	much	mum	my	of	on	reminds	so	song	the	this	to
first	for	girl	good	made	memories	mix	my	on	song	tape	the	this	was
80	and	anymore	are	back	don	feel	fun	glen	him	his	is	like	making	me	music	no	nostalgic	of	oh	singer	so	song	sweet	there	to	very	why	you
80s	and	back	build	go	machine	need	the	time	to
didn	grow	have	legendary	many	memories	old	so	to	up	wish
80s	always	back	best	brings	could	go	good	how	life	love	many	memories	music	my	of	so	the	this	time	to	will	wish
80	and	back	brother	from	good	in	me	my	of	reminds	song	the	this	times	to	use	when
80s	90s	and	back	boy	brings	changed	could	go	have	how	in	many	memories	miss	so	the	things	this	time	wish
14	1966	and	back	beautiful	brings	fantastic	in	john	live	me	old	rip	scott	thank	to	version	voices	years	you
60s	absolutely	and	brilliant	brothers	came	handsome	into	me	reminds	ritz	so	song	teenager	the	them	they	to	up	very	was	we	went	were	when	where	wife	young
back	brings	from	great	memories	song	teenager	was	when
50	back	best	me	music	my	take	thanks	time	to	years
back	best	life	me	my	of	please	take	the	times	to
60s	and	as	beautiful	came	down	fantastic	for	girl	is	john	lady	loved	me	omg	place	same	see	so	that	the	them	they	this	to	uk	was	went	were	when	who
back	could	go	in	know	love	now	song	that	time	what	wish
14	an	and	at	being	childhood	for	go	him	in	it	love	memories	not	ready	scott	steady	thanks	the	time	to	was	watched	with	wonderful
again	almost	as	back	be	brings	is	it	listen	many	memories	never	of	painful	period	so	song	that	this	time	to	will
13	and	be	dances	doing	girls	going	great	has	hit	it	long	man	of	old	remember	romantic	school	singing	so	song	the	there	this	to	voice	was	what	when	would	year
child	feel	for	music	nostalgic	thank	this	very	was	you
60	and	back	brings	england	every	go	in	loved	memories	my	of	ready	steady	teen	the	watched	while	wonderful	years
brilliant	favorite	great	its	listening	little	mom	mums	my	remember	song	this	to	voice	was	when	with
60s	and	at	back	bought	brilliant	concert	distant	during	for	going	hit	in	it	life	live	memories	of	remember	sharing	song	summer	thanks	the	their	this	to	top	was
best	grew	happy	memories	of	one	the	up	with
60	all	along	at	back	being	great	in	me	mums	my	on	radio	right	she	side	sing	songs	takes	that	the	to	were	would
1966	certainly	changed	for	got	have	high	in	long	my	of	out	school	that	time
back	brings	happy	many	memories
2019	60	and	are	awesome	best	brothers	but	era	for	gone	hearts	high	in	john	me	most	music	nothing	of	our	re	rip	rock	school	scott	song	songs	the	their	them	these	when	yes	you	youth
10	16	and	as	back	came	crush	days	feeling	for	found	girlfriend	got	had	hearing	it	just	later	listening	lyrics	me	miss	music	my	now	of	old	out	really	remember	same	song	that	the	this	those	to	true	were	who	written	year	years
2019	60	and	attached	back	being	can	go	goosebumps	in	many	memories	of	so	song	teenager	the	this	to
attached	big	come	did	in	know	little	many	memories	my	place	so	song	teens	the	then	this	to	was	what	wonderful	world
and	back	best	can	days	go	had	life	much	music	now	of	one	please	real	simpler	so	the	then	they	those	to	too	was
absolutely	again	all	back	can	days	get	how	is	love	miss	never	sad	song	that	the	there	this	those	time
60	70	alive	and	felt	miss	much	optimistic	really	so	the
back	brings	favorites	lovely	memories	my	new	of	old	one	song	timeless
anymore	back	because	broke	eyes	first	going	heart	in	listening	me	my	not	of	song	sun	takes	tears	the	this	thought	to	was
again	and	big	could	give	love	me	miss	much	my	of	reminds	see	sister	so	song	this	to	whatever	would	you
10	and	are	brilliant	certainly	classic	era	from	great	is	listening	many	memories	now	of	one	out	so	song	them	there	this	to	tune	was	when
almost	always	and	at	back	classic	days	early	have	he	him	in	innocent	is	it	loved	me	of	old	on	playing	reminds	the	this	those	through	timeless	was	when	while	years
back	brings	brought	called	crap	eyes	for	grandchild	many	me	memories	my	so	song	tears	this	to
back	brought	crazy	for	memories	my	non	played	some	stop	teen	thank	this	years	you
as	audio	cassette	child	first	had	listening	rap	song	tape	the	this	to	was
back	brings	germany	in	it	jam	listening	memories	song	stationed	still	the	this	to	was	when	wonderful
back	best	life	me	music	my	of	takes	way	wise	years
back	came	club	day	days	good	in	jumping	old	on	song	the	this	was	when
all	and	back	can	club	go	in	played	remember	song	teen	texas	the	they	this	time	to	used	when
80	back	brings	club	days	in	memories	the
but	don	guy	like	little	look	man	miss	oh	one	the
80s	back	great	how	just	me	song	take	the	this	was
back	could	damn	days	go	these	to	wish
90	90s	all	back	boy	dance	dancing	do	floor	for	generation	just	last	man	me	miss	my	new	night	not	on	take	the	this	to	was
and	back	days	girls	me	school	singing	takes	the	this	to
at	back	better	cant	god	it	me	much	old	roller	school	skating	so	takes	the	then	top	were	you
at	down	good	listening	remember	reminiscing	rink	skating	the	this	times	too	track
ah	and	as	back	brings	came	classic	damn	dance	floor	friends	here	high	in	is	literally	many	memories	my	out	right	school	so	song	the	this	to	track	up	use	was	when
ah	awesome	back	brings	good	memories	rink	skating	the	times
and	back	been	brings	came	day	for	good	got	have	in	it	looking	lot	man	memories	name	never	new	now	of	one	out	song	thanks	the	there	this	was	when	years
1988	am	back	because	brings	every	got	is	kind	memories	my	not	of	one	rocking	song	the	then	this	was	what	whatever
70	can	everything	from	miss	more	say	than
80	back	best	brings	childhood	in	memories	my	of	the	they	times	were
70s	all	and	dad	he	in	little	memories	mom	my	precious	real	sing	the	this	to	us	used	was	we	were	while
being	girl	it	listening	little	love	me	my	of	parents	reminds	this	to	with
and	away	boyfriend	but	cassette	ex	first	grade	has	he	him	husband	in	it	late	later	listen	lol	me	miss	my	of	on	our	since	so	song	that	the	think	this	to	use	was	whenever
80s	and	at	because	car	deceased	didn	each	favorite	for	getting	give	hard	her	in	it	knew	know	listen	love	me	mother	my	now	of	other	out	really	she	sing	something	song	that	the	this	time	to	turn	up	used	was	we	what	with
1980	40	about	age	an	and	back	be	brings	came	childhood	early	enough	even	feels	first	forgotten	gives	had	her	if	in	it	lady	like	little	live	ll	long	lovely	me	my	nostalgia	now	of	old	out	right	song	such	sweet	that	the	this	to	until	was	when	years	yesterday
back	big	brings	can	hit	it	love	makes	many	memories	more	say	so	song	than	that	the	to	words	you
day	miss	old	really	the
2019	at	first	he	heart	here	high	love	me	my	of	out	reminds	saying	school	the	to	was
and	childhood	father	listen	my	often	remember	sings	song	this	to
2019	but	feels	fresh	many	memories	past	relate	so	song	songs	the	this	with	wonderful
back	love	me	my	song	takes	teenager	this	to	wow	years
back	feeling	for	love	memories	omg	thanks	the	this	throw
and	carefree	days	joyful	leo	me	old	remind	thank	the	yes	you
and	back	brings	classic	day	enjoy	hear	in	memories	my	song	this	to	used	youth
30	after	again	and	first	gives	innocent	listening	love	me	nice	on	reminds	smile	song	that	to	years
2019	am	and	at	back	but	in	little	looking	love	me	my	next	nothing	parents	playing	radio	remember	sister	sitting	song	the	to
eyes	in	my	nostalgic	tears
and	be	dad	inhaling	listen	my	nostalgia	song	soon	the	there	this	to	was	would
and	as	at	danced	happy	high	in	my	our	roller	school	song	the	to	we	wedding	well	were	when	wife
80s	being	humming	nostalgia	of	proud	song	this	was	when	young
another	garbage	great	is	it	makes	me	miss	past	song	the	today	world
after	every	father	kid	liked	miss	morning	my	school	song	that	this	to	was	when
14	all	and	back	brings	feeling	first	girl	hand	in	like	listening	long	love	memories	of	old	on	song	summer	that	the	this	to	with	year	years
after	and	birthday	her	is	love	miss	mum	my	of	on	one	remember	school	shelter	singing	sister	song	the	this	those	to	with	wow	years
62	and	best	but	dad	driving	ever	forgotten	has	his	in	lol	middle	mom	my	not	of	old	only	passed	remember	rip	say	song	the	time	was	when	while	would	wow	years
brings	heart	memories	mind	my	sweet	thank	to	warms	you
60s	70s	80s	and	beat	getting	nostalgic	nothing	of	songs	the	to
and	good	her	remember	sang	song	this	to	was	when	young
childhood	me	my	remind
are	before	day	ever	every	feeling	for	fresh	gives	his	leaving	leo	loved	me	play	remember	school	songs	to	wow
1980	20	and	at	different	from	girlfriend	great	heard	in	least	memories	my	on	radio	song	the	there	this	to	way
back	better	brings	good	it	love	many	memories	much	so	song	songs	thank	then	this	were	you
1998	friend	girl	high	in	my	remember	school
1980	all	and	had	in	machine	play	the	they	this	time	to	used	wish
ago	days	many	mine	missed	moons	the	younger
back	bring	good	love	memories	song	this
alright	back	brings	classic	many	mate	memories	so	thank	you
50	60	70	80	all	and	back	being	better	brings	could	from	had	hear	in	life	love	me	miss	music	my	of	older	on	place	radio	song	songs	sung	that	the	these	to	understand	when	words	you
always	dad	for	growing	miss	mom	my	played	song	this	up	was	when	you
60s	70s	always	dad	drives	every	he	love	my	on	really	song	this	time	turns
above	all	an	back	bitter	bringing	many	memories	of	sweet
at	back	because	born	brings	date	days	had	how	just	later	memories	miss	music	never	oh	real	that	those	was	well
13	ago	at	boyfriend	cause	cry	had	him	it	just	long	loud	me	memories	myself	of	old	on	or	out	over	reminded	sing	so	song	this	to	trips	used	was	years
age	and	anyone	as	at	be	been	born	elvis	even	grandmother	has	have	he	his	in	it	love	many	music	my	never	of	or	popular	really	sound	started	still	the	there	this	through	to	today	voice	was	who	years
after	bought	car	cd	crying	down	driving	first	had	in	is	later	loud	love	marriage	my	remember	song	still	the	this	up	very	years
