age	all	although	and	at	but	can	days	emotional	feel	for	golden	great	have	he	hear	his	in	jim	life	lord	love	loving	many	now	of	reeves	relaxed	singer	singers	still	thank	that	the	those	time	to	voice	was	we	with	you
1st	all	and	are	back	be	blessing	came	can	day	for	from	god	greatest	have	hope	in	is	later	leave	life	man	me	my	now	of	some	song	thank	that	the	this	to	when	who	years	you
always	are	heart	in	my	wherever	you
always	be	can	close	come	elvis	his	king	no	number	one	place	taking	the	to	will
anytime	be	begin	could	for	future	generation	goes	hit	if	in	it	new	on	play	radio	song	still	that	the	they	this	to
64	am	father	jim	listen	my	now	reeves	remember	to	used	was	when	young
all	as	father	favorites	has	him	in	into	it	late	meaning	my	played	singer	song	special	the	this	time	to	top	very	was
100	along	and	as	at	by	college	come	could	from	generation	grandma	grandpa	guess	he	heard	him	his	in	is	jim	least	love	man	maybe	mine	my	next	no	now	of	old	reeves	sing	singer	songs	the	to	top	was	well	which	wonderful	years
again	and	as	elvis	for	is	nothing	now	then	there	was
and	be	best	blues	country	elvis	ever	he	heart	if	is	music	no	of	rhythm	rock	roll	soul	the	there	was	were	will	would
baby	blow	guaranteed	like	mind	part	roller	steam	the	to	your
absolutely	elvis	forever	he	him	lord	love	made	off	really	showing	the	was	when	will
different	enjoy	familys	generations	great	hear	it	of	quality	the	to	true
all	could	favorite	forever	him	listen	my	of	singer	time	to
and	any	anytime	beautiful	drums	especially	get	hear	his	jim	love	of	reeves	song	songs	the	very	with
and	beautiful	die	ever	every	he	his	know	loved	made	man	mother	much	music	my	never	played	so	song	sounds	that	think	this	to	will	word
all	best	country	lovey	of	one	singers	the	time	to	voice
60	but	heart	melts	my	of	prepare	rocker	sound	the	this	usually
absolutely	appreciate	at	brilliant	but	can	days	for	good	his	in	jim	least	music	now	people	posting	thanks	that	the	this	video	was	when	who	yes
all	and	beautiful	come	first	for	great	in	innocent	is	it	jim	live	long	more	music	of	reeves	so	that	the	their	think	time	us	ve	voice
about	and	as	boy	but	by	favorites	girl	great	him	interpretation	is	it	little	mother	my	number	of	on	one	put	says	someone	that	the	think	this	three	treat	very	who	whose
boy	brought	early	girl	he	in	knew	that	the	think	to	up	was	when	who
boy	but	favorite	great	have	is	many	my	of	one	so	songs	still	they
1967	and	anyone	around	book	fantastic	is	it	listening	now	pete	right	the	to	version	very	well
another	away	dear	different	drums	favorite	gone	heard	her	jim	meaning	my	now	of	oh	on	reeves	she	songs	sound	takes	tears	that	the
always	amazing	classic	drumming	heart	is	it	known	lifts	little	my	sensational	song	this
amazing	an	before	heard	never	rhythm	song	this	voice	what	wow
about	four	is	like	mine	my	name	or	parents	song	this	three	was	when	who
and	can	childhood	friends	is	it	just	listen	me	mom	my	now	seen	she	sing	singing	something	song	started	stop	the	this	to	today
100	along	and	beatles	best	classic	even	from	music	now	on	over	played	so	that	the	will	with	years
album	be	could	doubt	ever	for	greatest	has	its	just	me	no	of	only	single	so	story	that	the	tommy	unbelievable	who	work
been	brilliant	done	had	he	if	it	like	love	me	nice	of	orchestra	so	song	such	too	ve	version	white	would
all	back	favorites	it	magnificent	my	of	one	or	then	time	to	today
and	band	broken	fell	first	for	heard	hit	home	in	it	love	me	on	really	song	the	this	time	was	with
60s	90s	about	appreciate	around	back	be	but	day	do	don	enjoy	ever	folks	get	god	have	in	it	like	magic	man	meaning	music	no	oh	play	playing	short	something	talking	that	the	then	they	this	through	to	was	we	when
anyone	beat	can	classic	does	drummer	find	it	know	love	on	thanks	that	the	this	was	who
amazing	and	background	classics	did	dramatic	for	got	it	love	most	music	my	never	of	on	one	pop	powerful	probably	sharing	songs	thank	the	these	they	work	you
before	don	dropped	found	go	let	song	this	trailer	week
all	am	any	cause	good	here	like	listen	music	must	not	of	other	parents	song	them	this	to	you
always	and	at	called	don	go	hear	it	job	let	lol	makes	me	my	of	or	saw	side	song	that	the	think	this	till	trailer	was	what	world
days	don	great	hears	its	now	sad	song	songs	these	we	words
am	and	here	him	listen	look	me	mom	my	so	song	this	to	told	up
elvis	forever	great	live	long	many	miss	never	of	singers	the	why	will	world	you
along	beautiful	cry	emotion	every	family	his	king	live	long	makes	me	much	of	single	so	song	the	this	those	time	with
generation	generations	in	just	lived	music	my	prefer	song	than	this	wish
before	guess	how	it	just	late	leave	love	most	much	of	really	someone	tell	them	too	us	we
about	amazing	and	away	because	care	ever	for	girl	give	hard	have	keep	lost	love	me	met	more	most	my	of	one	ones	satisfied	showing	such	the	them	this	time	to	you
able	all	and	been	for	gentle	go	had	he	her	him	his	it	left	life	loved	sad	so	soul	started	think	to	was	when	wish	wrong
and	elvis	get	him	in	jackson	michael	never	of	presley	sad	see	so	the	time	to	was	wish
always	and	awesome	be	been	favorite	greatest	he	loss	my	singer	the	to	was	what	will	world
16	always	amazing	but	had	he	him	listen	old	only	people	to	ve	years
alone	and	any	because	can	die	do	going	grew	hard	her	how	in	little	love	loved	never	of	or	probably	say	show	that	the	them	things	to	told	up	whenever	woman
barbiedolly	before	didn	get	glich	little	love	maybe	meant	music	there	this	too	was	what	with	you
age	came	for	in	is	memory	movie	only	out	this	treasure	was	when	you	your
attention	classic	in	it	life	love	lyrics	many	much	my	that	this	to	very	why
feel	given	helps	inspirational	like	me	song	this	up	very	when
all	amazing	and	bass	brothers	but	don	forget	give	great	greatest	had	hear	man	of	one	others	thanks	the	there	to	underrated	up	voices	were	with
age	and	at	had	he	his	in	legend	man	much	old	power	so	soul	such	the	this	vocal	voice	what	years	young
17	as	at	by	davis	for	goes	he	maybe	my	now	old	only	school	son	song	the	there	think	this	was	way	well	while	who	winwood
16	age	believe	but	for	good	hard	he	old	really	said	someone	that	there	to	years
blow	great	if	like	my	out	sing	that	to	tried	tune	voice
and	black	come	got	he	if	in	it	natural	not	out	soul	thing	to	you
are	aren	band	great	it	now	or	popular	really	recognized	shame	songs	they	too	with
60	comments	had	idea	in	it	loved	no	read	singing	song	that	the	until	was	winwood	your
100	absolutely	beautiful	gold	great	life	line	masterpiece	memories	music	of	pure	sound	talent	the	top
and	appreciated	beyond	few	he	his	in	invent	is	machine	now	people	please	so	soulful	teens	time	under	was	what
1967	ago	from	is	it	long	music	nothing	now	nowadays	peace	there	think	this	time	to	touch	wow
always	and	best	better	first	from	get	give	it	my	on	only	point	rest	that	the	time	to	told	was	will	you	your
and	discover	fabulous	for	great	group	hear	it	not	often	share	such	thank	this	to	voice	wow	you
60	age	ask	band	brought	daughter	enjoying	evening	here	me	movie	my	of	she	the	was	when	who	with
bad	but	favorite	have	heard	is	love	merle	my	never	of	song	then	this	too	version
about	and	before	family	he	his	home	is	love	man	of	past	sad	song	tells	that
14	am	and	first	grandma	in	it	love	my	now	only	song	still	thank	this	to	was	when	with
always	and	but	by	her	is	know	laura	my	name	sing	this	to	tommy
1960	as	do	for	hit	it	love	me	of	one	out	really	single	singles	the	this
afterwords	but	get	happened	hit	like	lost	lovely	many	one	so	though	voice	what	wonder
and	can	enjoy	it	love	nice	one	relax	song	this	what
friend	is	keeps	laura	me	my	name	on	singing	this	to
all	appreciate	can	great	like	me	out	shout	teens	that	the	this	to	tunes
brilliant	highlights	really	so	song	that	tragedy	well
17th	be	because	coincidence	ever	favourite	happens	is	laura	my	name	such	that	to
as	but	compilation	laura	never	of	song	the	this	trailer	until	version	video
and	anymore	but	create	do	had	have	is	it	knowing	laura	like	maybe	music	not	people	sorrow	the	thing	this	who
better	can	crap	grew	hear	now	of	songs	sort	than	the	these	to	up	words
and	be	best	created	ever	forgotten	music	never	should	the
and	are	cases	finished	half	in	lyrics	only	others	some	the	video	wrong
1960	21st	century	certainly	in	is	lady	much	not	she	the	this	very	video	vintage	young
any	day	days	do	good	in	like	made	make	nice	not	now	song	songs	such	they	to	what	words
all	bear	do	my	name	sad	seem	songs	the	to	why
about	are	be	entertainer	greatest	of	our	person	please	say	talking	thank	the	time	was	what	who	you
concert	greatest	history	in	is	music	of	the	this
gorgeous	heart	man	melt	that	voice	would	your
but	called	good	had	he	how	king	known	still	the	under	was	wish
and	can	delivery	face	from	he	his	how	in	last	much	notes	part	satisfied	see	sings	that	the	those	voice	when	with	you
all	and	artist	away	blues	but	doubt	from	greatest	have	he	here	his	in	is	james	listened	make	may	maybe	most	music	my	no	nothing	of	one	said	song	take	taylor	that	the	thing	this	three	time	times	to	tune	ve	version	when	white	with	written
and	awesome	be	coolest	elvis	ever	his	is	most	name	person	song	sung	the
be	best	could	ever	for	have	he	him	just	live	me	once	seen	the	there	was	will	wish
and	at	been	concert	elvis	enjoying	gone	had	over	ride	the	this	year
certainly	earth	gorgeous	he	him	his	however	just	left	lol	looking	me	my	now	over	right	soon	this	too	was
all	awesome	best	blues	but	by	do	doubt	genres	great	have	in	incredible	love	man	many	most	music	no	not	of	one	only	presley	really	singer	singing	so	song	still	the	this	were	world	you
all	always	and	at	beginning	forever	he	how	king	know	like	looks	love	music	of	side	song	the	then	thinking	to	was	what	would
background	blues	elvis	for	great	hear	it	love	on	parody	period	playing	song	the	this	to
comfortable	definitely	down	he	his	low	most	music	of	style	think	this	with
and	bless	elvis	forever	friend	god	greatest	miss	my	now	the	then	we	you
angel	artist	died	earth	eyes	from	god	greatest	handsome	he	his	in	man	most	much	on	peace	rest	see	so	that	the	too	unique	voice	why	young
be	did	for	he	it	masterpiece	minutes	never	of	or	over	perfect	so	studio	that	why	wonder	would
again	always	and	back	be	because	but	can	else	elvis	forever	gone	heard	in	is	its	keep	life	like	no	now	one	other	our	some	special	there	this	time	to	too	very	video	videos
be	can	cover	elvis	for	forget	in	it	key	look	making	never	of	on	played	song	the	this	tune	we	will	you	your
absolutely	all	and	are	band	bless	burton	elvis	entertainer	fantastic	forever	god	great	greatest	heart	heaven	in	james	my	over	singer	the	time	vocalist	what	world	you
all	and	fantastic	greatest	music	of	performance	the	time	voice	what
amazing	and	another	as	back	been	brilliant	but	call	come	do	get	great	have	he	his	how	is	liked	many	masterpiece	me	not	of	them	there	this	to	together	work	wrong	yet
and	beautiful	biggest	elvis	handsome	history	hot	in	most	music	singer	song	the	this
by	close	come	elvis	entertainer	ever	god	greatest	here	in	man	no	one	peace	rest	see	sent	that	the	this	to	was	who	will	world
40	and	burton	elvis	from	have	is	james	must	old	over	song	this	years
all	always	and	are	be	compared	for	has	he	here	him	his	if	is	it	king	more	music	not	nothing	others	still	the	they	to	was	will	would
any	better	can	fantastic	favorites	get	gold	my	of	one	perfect	pure
and	backing	but	from	good	great	he	john	made	orchestra	pop	really	singer	so	superb	the	use	was	wasn	what
50s	60s	about	always	and	as	born	but	elvis	emotion	for	grew	in	late	more	my	orbison	roy	songs	sung	thank	the	they	this	thought	up	was	were	with	you
and	been	best	favorite	feeling	for	generation	his	if	known	my	of	on	roy	sure	talent	the	ve	were	would
50	60	and	from	in	music	no	songs	soul	the	there	today	unlike
bass	did	he	his	if	know	not	or	singer	so	talented	that	voice	was
about	alone	and	being	bit	depressed	feeling	know	listened	lonely	not	now	right	roy	then	to
classic	enjoy	his	is	live	lonely	of	on	only	that	the	to	we	will	work
agree	big	completely	feelings	from	great	into	lyrics	my	nice	stuff	thanks	the
16	artists	daughter	good	great	her	knew	like	loves	music	my	never	old	on	orbison	right	rock	roll	she	this	to	until	was	what	year
16	age	and	begin	day	hope	is	kind	like	love	my	of	old	one	really	song	this	those	to	which	will	wonderful	wow	years
all	bless	don	fantastic	god	he	know	missed	ones	roy	singer	the	they	was	what	you	young
about	amazing	and	away	be	been	brings	by	eyes	first	have	he	his	home	in	january	ll	my	never	passed	rip	roy	song	start	tears	that	the	to	town	truly	uk	was	way	when	would	you
all	and	at	be	both	die	door	down	family	house	in	is	looking	love	man	music	my	never	next	old	person	roy	the	their	to	will	wonderful	yes	you
always	classics	it	like	pleasure	stumble	this	to	upon
an	cherish	forever	forget	his	love	magnificent	man	music	never	orbison	roy	will	you	your
50s	60s	beat	beautiful	early	has	late	period	song	the	to	totally	unique
all	awesome	had	he	his	own	range	style	that	was
him	invent	listen	live	machine	made	my	oh	please	the	time	to	want
100	agree	always	back	could	live	then	wished
ago	and	english	for	it	just	looked	love	minutes	now	song	this	up
ago	all	and	are	at	away	can	cry	dare	do	feelings	from	is	like	listen	love	make	man	more	music	my	passed	songs	that	the	then	there	this	to	totally	two	understand	very	when	years	you	your
and	any	doesn	folks	glad	has	have	hear	heart	hope	just	like	maybe	of	played	real	rock	roll	some	stuff	the	to	today	world	young
about	ago	album	always	an	as	baby	be	ended	find	have	it	know	ll	long	not	on	out	re	remember	so	song	sure	talking	the	think	through	to	will	years	you	your
actually	back	had	sing	to	when	you
country	great	is	like	music	now	this	was	wished
again	and	believe	country	for	god	hear	is	music	never	play	radio	real	rock	thank	that	they	this	today	true	we	will	youtube
and	beautiful	by	country	ever	for	gold	great	hank	him	locklin	most	of	one	recorded	selling	single	songs	the	to	top
ain	classics	country	do	just	love	no	not	old	stuff	the	these
always	and	another	believe	delivery	do	had	have	legend	locklin	loved	on	song	such	that	the	this	voice
25	and	anything	can	classic	country	ever	favorite	go	is	music	my	stand	the	this	to	today
and	dad	is	it	kind	love	mom	music	my	of	this	western
17	am	and	falling	in	love	music	old	school	with	years
about	banging	dad	from	got	in	incredible	kitchen	music	my	of	out	recordings	still	the	this	was	when
about	an	country	heard	hits	infomercial	it	jukebox	love	on	song	this	tv
amen	best	blessing	come	everyone	for	god	him	his	many	really	to	who	years	yet
classic	country	did	great	hank	hits	it	many	so	thank	well	with	you
comment	ever	funniest	is	lmao	on	saw	the	this	youtube
and	has	it	just	let	liked	me	my	no	on	only	photo	post	ricky	shared	this	youtube
friend	girl	have	laura	nice	very	young
bad	hates	in	it	laura	mood	my	she	sing	sister	this	to	when
after	at	but	grandparents	it	least	means	my	named	not	quite	something	song	still	this	to	was	why
background	barely	like	listen	music	no	nowadays	to	words	wow	you
just	listening	love	old	songs	those	to
but	childhood	didn	friends	grandpa	great	he	is	my	serious	think	this	was
best	but	fogerty	has	john	like	of	song	still	the	think	this	version
and	first	gladys	heard	hearing	it	knights	love	of	this	time	version	was
and	are	could	get	john	listen	never	over	right	so	song	that	tired	to	you
all	favorites	for	much	my	of	one	sharing	so	thank	this	time	you
always	been	don	favorites	for	has	like	make	of	one	posting	shame	sure	thank	them	they	this	to	used	what	you
awesome	better	country	dies	get	it	just	like	love	never	old	really	this
behind	childhood	favorite	for	man	my	screen	sharing	thank	the	this	you
anybody	by	does	don	for	is	it	know	nice	on	piano	posting	robertson	thanks	that	the	this	video	way
enjoy	for	listening	old	posting	really	songs	thanks	the	wonderful
can	country	down	fans	for	good	great	keep	many	of	old	post	see	so	song	thanks	this	to	you	young
advice	again	am	and	back	once	real	replying	some	sound	this	time	to
at	best	country	hear	how	it	its	love	many	matter	no	pop	song	this	times
about	after	all	and	anyone	as	be	but	could	great	is	it	know	lyrics	make	of	song	that	the	think	this	to	true	will
and	but	great	in	is	locklin	my	one	only	opinion	that	the	this	too	version	well
don	great	here	like	make	nowadays	performance	rock	stars	they	to	used
27	and	country	don	good	have	in	music	people	real	taste
anymore	but	country	don	get	happened	isn	it	just	like	mean	music	of	some	today	what
and	days	do	don	have	hip	let	life	like	low	meaning	music	now	over	pop	rap	take	this	we	why
after	am	and	appreciate	ask	even	for	heart	listening	man	of	song	that	this	times	to	with	would
can	dance	daughter	love	music	my	old	only	she	song	this	with	years
am	best	better	englebert	feel	feeling	friend	hear	his	is	low	my	once	songs	when
could	have	last	someone	special	waltz	wish	with
also	and	beautiful	could	forever	handsome	he	his	is	love	me	now	so	song	then	touching	voice	what	woo
artist	became	don	feelings	for	know	legend	my	of	star	start	then	to	true	voice	where	who	wonderful
and	best	better	brilliant	come	course	don	englebert	for	he	me	much	of	song	sung	than	the	they	well
again	beautiful	doc	fall	in	love	peace	song	to	what	would
can	change	for	it	love	my	old	songs	the
always	happy	it	love	make	me	nice	song	that
actually	age	describes	golden	great	how	melody	such	that	the	was
as	beautiful	could	darling	didn	god	know	make	my	one	so	you
and	beautiful	by	englebert	ever	is	most	of	one	only	songs	that	the	think	this
beautiful	belongs	by	everyone	legend	loves	sang	song	to	true	who
at	dance	have	my	someday	song	this	to	wedding	would
after	and	any	beautiful	compose	do	is	many	memorable	not	nowadays	so	songs	that	they	touching
around	brought	come	dancing	family	favorite	first	here	just	me	strickly	the	this	time	was
also	any	are	as	by	nice	passed	same	so	songs	still	the	time	whenever
any	beautiful	can	genre	how	just	like	lover	music	not	of	this
10	11	amazing	amazingly	an	and	beautiful	dance	feel	for	getting	great	it	just	like	love	lyrics	makes	much	music	of	on	sharing	so	song	such	superb	the	this	to	up	voice	waltz	you
ago	always	and	beautiful	come	concert	days	dream	few	his	it	love	music	see	song	to	true	very	was	what
always	been	best	for	have	he	his	is	life	love	me	my	of	part	singer	songs	the	they
be	ever	got	has	most	of	one	peace	romantic	song	songs	sweetest	the	this	to	wow
and	break	everyday	is	life	lonely	love	man	me	my	start	then	this	to	up	wake	without
1967	beautiful	by	comes	course	from	in	into	melody	of	original	really	the	then	think	this	version
beauty	can	grandmother	his	is	loved	music	my	pure	this	understand	why
all	artist	beautiful	favorite	grew	know	lyrics	mom	my	songs	still	the	these	up	with
14	and	beautiful	family	favorite	from	hear	is	it	know	learn	my	old	our	song	this	to	was	when	yrs
ever	existed	has	magnificent	most	of	one	that	the	voices
all	are	artists	by	classic	found	generations	just	modern	out	some	songs	sung	that	these	to	today	were
could	like	make	more	songs	they	this	today	wish
forget	me	my	never	no	on	out	record	this	walked	was	when	wife	will
and	any	both	cloudy	freedom	from	love	loved	mornings	of	ones	presence	the
and	appear	ever	forever	in	mankind	of	one	ones	songs	stay	that	those
age	always	called	describes	for	golden	loved	many	of	old	so	song	that	the	this	us	years
2019	classic	ever	happened	listening	romance	romantic	song	to	what
am	even	genre	have	listening	meaning	music	not	nowadays	song	still	teen	this	with
arms	cause	day	hold	loving	make	me	no	so	song	this	till	to	ve
beautiful	from	get	grew	in	listening	most	never	number	of	one	song	soulful	the	this	tired	to	up	voices	world
be	cloud	computing	great	in	lost	mans	never	songs	thanks	this	time	to	will
amazing	and	classic	for	song	thank	truly	uploading	voice	you
again	break	don	everyday	if	not	to	try	up	wake	want	you
class	eurovision	for	have	he	its	just	re	recorded	should	song	this
at	can	days	is	looking	lyrics	of	old	power	sing	song	the	this	without
all	and	bless	care	family	god	good	got	he	love	lovely	sing	singer	take	them	to	too	wife	your
irreplaceable	music	untouchable	very
but	don	else	good	guys	just	know	like	off	please	profiting	someone	songs	talent	the	this	video
about	as	be	best	but	can	cruel	ended	ever	he	ironic	it	life	love	made	sing	singer	so	that	the	to	up	wish	with
as	is	its	lonely	love	man	not	without
are	beauty	broken	can	heart	of	only	real	song	the	this	those	understand	who
again	all	and	anymore	appreciate	are	between	clip	days	don	each	every	everyone	far	feedback	few	has	have	just	left	like	make	memories	messages	one	read	thanks	that	the	them	these	they	this	to
and	class	crafted	is	musicians	performed	pop	real	song	this	underrated
and	big	can	harmonies	hear	intro	it	lovely	once	pop	proper	record	sing	tune	you
great	guy	happy	he	is	sings	so	this	tune	when
70s	and	best	class	come	ever	of	one	out	pop	songs	such	the	to	written
2019	30th	feel	happy	january	listening	love	make	me	song	this	to
1st	am	any	classics	for	hey	in	message	on	our	play	thanks	that	the	these	time	weeks
and	comments	editing	for	it	like	make	posting	thanks	that	these	this	video	watching	worthwhile
almost	an	ignore	impossible	intoxicating	intro	it	naturally	so	that	to
and	can	etc	good	harmonies	heart	lyrics	out	sing	singers	that	your
be	classic	dance	hits	in	is	it	millions	really	should	soul	the	this	up
an	classic	ever	intro	masterpiece	match	never	this	will
1st	and	especially	every	for	heard	her	in	is	just	lyrics	may	my	name	of	old	one	she	single	so	the	this	time	tune	written
always	and	as	follow	great	harmonies	have	in	is	just	little	love	made	number	one	song	the	this	uk	up	will	you
any	be	better	intro	nice	orchestration	ruins	singing	the	tune	without	would
beautiful	compose	could	guys	love	most	music	song	the	this	those
don	if	like	something	song	there	this	with	wrong	you
appreciated	carolinas	in	is	only	really	song	the	this
and	by	dying	eh	heart	is	love	my	slowly	song	the	this	words
are	beautiful	for	her	too	vocals	words
early	far	find	hope	in	learn	loss	of	some	song	sorry	sweet	this	to	too	you	your
50	60	80	and	can	for	hear	heaven	her	in	love	loved	my	proper	ruby	singers	so	still	thank	the	we	youtube
beautiful	been	have	hit	in	should	song	the	usa
beautiful	but	for	is	people	retarded	song	this	version
all	greatest	lady	of	one	singer	teresa	the	time	was
been	evening	fantastic	have	hill	lovely	mockingbird	nice	on	spend	talented	to	with	woman	would
50	and	are	be	beautiful	early	hill	hits	interpretation	into	it	late	like	missed	of	original	sad	sang	she	sing	some	something	still	teresa	the	to	today	up	wake	was	were	will	wrong
be	called	great	hill	if	is	it	mockingbird	place	there	was	would
america	anymore	found	icon	not	of	one	rip	singers
all	another	her	loved	of	recordings	songs	thank	wonderful	you
favorite	has	her	is	lady	listening	love	lovely	mind	my	of	peace	this	to	voice
glad	have	likes	lol	me	music	not	now	one	only	something	the	think	to	used	was	who	with	wrong
again	have	like	miss	no	one	teresa	that	voice	will	you
be	book	can	dynamite	in	little	miss	my	of	oldies	or	singers
gentle	loping	nice	sweetest	teresa	the	version	was	what
could	do	don	give	if	is	it	just	on	only	permission	remain	the	they	way	were	you	youtube
earth	ever	get	heaven	ll	nearest	on	the	to	we
almost	and	are	billy	earth	handsome	its	like	much	no	of	on	one	out	sings	so	this	too	world	you
any	billy	by	come	copy	eckstine	gras	has	mardi	of	one	the	to
and	sarah	so	their	unique	vaughan	voices	were	with
always	beautiful	his	loved	voice	what
and	beautiful	don	get	gives	handsome	he	lovely	man	me	much	of	out	play	re	so	song	such	them	this	when	world	you
and	close	eyes	follow	just	listen	perfect	that	your
1954	another	as	billy	but	by	called	classic	eckstine	for	from	him	hit	in	is	it	no	one	single	timeless	top	was	you
and	could	handsome	have	he	heavenly	in	looks	man	met	song	this	was	wish
another	be	do	exquisite	for	have	he	him	like	mans	never	no	posting	remarkable	song	thank	that	there	this	to	unique	voice	was	will	words	would	you
for	great	posting	thank	the	voice	what	wonderful	you
and	any	by	from	great	male	of	one	recordings	sinatraphile	singer	the	this	truly
beautiful	billy	ever	fabulous	most	singer	song	the	underrated	voice	what
any	from	history	in	knew	lived	magic	most	music	one	the	time	to	who
any	beautiful	exquisite	know	mandolin	on	one	piece	played	the	this	who
anybody	better	ever	guy	than	there	this	was
be	but	him	his	like	no	of	one	renamed	rendition	should	voice	what	wonderful	wow	you
blood	carlos	flesh	in	movie	played	the	thompson	tune	with	wonderful
difference	hearing	is	keep	music	noisy	romantic	the	this	true	tunes	we	what	with
11	17	18	baby	days	girl	granddaughter	is	love	my	nine	today	you
at	end	head	is	it	makes	musical	slap	that	the	what
all	and	be	became	before	crap	day	enough	have	is	listen	long	on	played	radio	rock	roll	the	this	to	used	we
as	be	good	is	music	naughty	pop	should	this
an	did	had	she	the	town
12	am	and	in	its	love	only	scary	song	that	this	with
everyone	hear	like	lot	should	song	this
am	belong	by	came	care	do	don	donald	from	group	here	if	is	it	listen	message	not	or	political	that	they	this	to	when
away	breath	have	just	my	needs	says	son	song	takes	that	when	who	you	your
adult	and	back	be	beautiful	brought	future	given	hands	human	in	into	new	of	scary	the	they	think	to	were	what	when	whose	world
always	baby	me	my	parents	song	that	this	told	was
all	an	and	baby	days	door	exactly	favorite	guy	has	him	is	listen	new	next	nine	old	song	that	the	this	time	to	told
can	cell	download	my	on	put	song	this	to	where
back	day	from	great	in	insinuations	just	lyric	music	no	real	the
50	boo	from	go	music	pop	pure	rock	roll	the	white
and	believe	can	dislike	for	great	is	it	new	one	song	still	there	this	was	when
could	days	different	have	lady	naughty	of	the	these	very	well
all	almost	and	couple	did	favorite	first	from	have	heard	her	it	lady	loved	lovely	met	music	my	of	often	play	rip	ruby	she	singer	still	such	the	time	times	voice
15	17	about	and	best	came	died	friend	from	he	his	jimmy	my	name	out	scary	she	song	story	the	this	very	was	when	year
always	beautiful	friend	goodbye	jimmy	my	sing	song	such	tell	this	when
because	channel	found	had	jerry	just	my	of	posted	said	songs	the	vale	was	you
ago	commented	didn	first	have	it	jerry	know	like	long	on	seems	song	this	time	vale	was	where	would	yes	you
and	dance	daughter	go	he	her	in	it	living	loves	my	old	says	she	sing	song	sway	the	this	to	we	weak	when	year
and	at	by	get	it	leave	me	music	my	on	the	to	up
after	beautiful	because	being	called	couple	fantastic	heaven	her	here	in	is	met	of	show	so	song	that	this	to	us	used	work	years
16	and	anyone	can	him	like	me	music	na	name	of	old	please	singers	some	this	type
did	english	first	go	he	heard	in	later	learn	lyrics	only	said	say	song	sway	the	this	thought	time	we	weak	when
an	and	in	just	life	my	need	of	old	partner	the	without	world
all	are	at	better	cases	few	in	language	lyrics	new	not	of	one	original	than	the	where
always	be	best	ever	for	have	he	more	only	singer	tech	the	us	we	will	with
am	and	are	bit	dancing	dean	down	favorite	feel	headphones	is	my	on	or	put	sad	song	this	we	what	when
it	love	many	new	of	out	so	song	this	versions	was	what	year
and	beautiful	before	by	do	father	it	its	know	listened	loved	my	not	sang	so	sometimes	song	this	to	was	which	who
and	but	dean	in	like	martin	michael	one	original	prefer	really	the	version	voice
and	bottle	can	carnations	champaign	come	have	heard	in	of	some	the	voice
and	at	he	in	just	least	now	photo	thanks	this	to	voice	youtube
and	as	backing	being	didn	good	great	his	in	looking	music	need	of	one	singer	singers	so	such	the	true	valentine	voice	was	well	who
and	me	new	performance	terrific	to
big	couple	door	frankie	green	had	hits	in	my	of	original	sang	the	uk	vaughan	very
called	certain	comment	elvis	find	for	frankie	from	guy	in	male	my	now	presley	running	some	taking	that	the	to	top	uk	valentine	vaughan	vocalist	was	with	years
best	billy	but	for	fury	isn	just	like	me	of	right	the	this	though	totally	version	voice	way
billy	did	fury	know	not	of	predating	song	there	this	version	was
about	but	in	my	not	on	popular	the	uk	us	very
and	channel	discover	for	great	hello	in	its	much	on	pleasure	sharing	so	song	thank	this	to	video	you	your
break	enjoy	heart	how	like	music	my	never	now	songs	these	will
mans	not	stops	texting	when	whose	you	your
am	every	form	greetings	netherlands	play	song	the	this	time
but	done	is	it	not	original	release	the	this	well
actress	anyone	can	first	from	is	me	tell	the	video	who
and	be	fantastic	forgot	gorgeous	hello	never	she	voice	will	woman
almost	and	bring	can	eyes	is	life	like	my	sad	she	song	tears
believe	end	first	great	had	in	is	movie	really	that	the	tragic
covered	for	if	it	listen	me	mean	song	this	to	world	would	you
best	course	ever	great	have	is	of	seen	song	the	video
60s	70s	all	amazing	an	and	anymore	be	been	brenda	but	for	forever	forgotten	generation	god	happy	have	in	is	know	lee	like	much	music	never	new	not	of	or	real	she	sironaca	song	songs	still	thank	that	the	these	very	was	what	would	you	youtube
and	inverted	men	not	nowadays	of	once	one	real	the	time	upon	women	world
always	listening	love	song	this	to	will
as	because	better	enjoy	even	everyday	it	last	my	treat
departs	everything	fades	love	when
about	emotional	feel	her	lyrics	more	much	so	the	voice	with
and	another	greatest	listen	oh	same	that	the	then	think	this	to	was
around	but	end	has	her	is	life	love	many	meaning	not	of	on	only	same	song	the	which	world
about	anything	are	can	done	everyone	for	great	have	help	here	in	is	it	know	lol	love	meaningful	no	not	person	put	say	single	that	the	this	time	to	together	was	what	who	work	you	your
all	and	brenda	could	day	great	it	lee	listen	love	not	singer	song	thanks	this	to	who	youtube
and	came	crap	felt	her	holy	just	me	next	on	right	serious	this	to
best	ever	have	is	on	seen	the	this	tube	video	you
actors	all	an	be	index	interesting	it	know	most	movies	of	see	them	those	to	would
how	is	it	love	many	people	relevant	so	song	this	to	wow
and	but	change	fans	have	here	in	is	it	just	lady	language	little	love	many	much	not	of	people	sironaca	so	song	thank	that	the	there	this	voices	way	we	without	wonderful	you
all	an	are	effect	enough	funny	had	has	hear	in	it	on	song	such	this	those	who
all	best	is	over	song	the	this	world
go	have	magic	only	sway	technique	that	we	weak	when	you
bless	dean	god	he	how	is	martin	may	much	so	soul	wonderful	your
and	at	dance	down	for	headphones	in	listening	platform	the	this	to	up
could	gold	man	only	pure	sing	the	this	who
bs	can	democrat	everytime	hear	of	sound	spewing	starts	the	violins
about	and	because	darkness	different	guess	how	in	light	me	people	song	sun	the	things	this	to	words
always	child	especially	fantastic	from	had	her	loved	she	songs	such	voice	young
60s	70s	and	beauty	best	full	music	natural	of
am	appreciate	ever	good	green	have	is	it	listener	much	on	sings	these	very	youtube
about	and	artist	at	but	by	clip	do	don	get	great	has	in	mean	movie	no	of	people	she	showing	singing	sings	song	stars	sung	the	then	there	to	two	what	with
and	been	during	have	how	lived	lol	mind	never	probably	remember	so	sometime	then	this	time	wish	would
and	big	can	every	girl	great	little	single	the	understand	voice	with	word	you
beautiful	heartbreak	it	makes	pain	sound	suckers
always	and	beautiful	do	from	handsome	look	more	much	of	past	people	present	so	the	why
beautiful	love	romantic	sad	song
and	at	better	but	davis	difference	feeling	for	good	her	in	is	least	like	made	makes	me	more	my	of	one	original	seeing	she	skeeter	song	than	that	the	this	to	too	version	way	what
are	beautiful	days	in	intelligent	later	more	pretty	women
best	ever	have	heard	of	song	the	this	version	wonderful
all	cherish	every	have	is	moment	reason	should	this	we
beautiful	for	many	on	screen	silver	stars	thanks	the
again	although	and	beautiful	down	everything	feels	good	hear	if	is	it	like	live	love	of	one	sad	says	some	song	takes	things	this	time	to	true	up	version	very	when	young
actors	and	brilliant	compilation	for	greatest	hard	her	of	pure	screen	silver	sironaca	the	to	work
able	age	all	and	be	being	but	by	can	could	dean	didn	do	few	for	from	get	golden	great	half	if	it	james	john	me	men	movie	name	nice	of	over	past	re	running	someone	song	stars	the	this	though	to	video	was	well	without	women	wonderful	would
if	let	love	me	would	you
are	at	has	in	life	meaning	most	music	of	people	point	some	song	the	their	things	think	this	to	understand	we	would
also	belief	first	god	in	is	it	life	love	music	my	nothing	reflects	this	without
advance	anyone	comment	does	in	know	movies	pictures	please	thank	the	time	to	with	you
27	and	cause	feel	how	in	incredible	it	kind	like	living	makes	me	missing	never	of	out	song	that	this	time	ve	was
always	are	from	not	planet	song	this	thought
and	are	blessing	eternal	for	hard	is	of	our	see	so	that	the	through	to	we	why	work
always	and	anything	could	doing	great	it	she	sing	sounded
did	in	it	know	not	playing	singing	song	started	thanks	this	until	with
as	for	goodnight	is	it	listened	much	so	songs	thank	thankfully	that	to	you
gold	me	recommended	some	youtube
actress	an	and	anyone	background	clip	does	hand	his	in	know	man	name	of	one	over	photo	she	the	this	with
am	anything	be	broken	but	can	hearts	help	like	sorry	time	will	you
and	best	brenda	collection	hit	however	in	lee	little	music	of	out	place	real	seems	singers	the	this	world
be	if	in	it	nice	of	people	photos	posted	recognized	some	the	think	video	was	would
all	am	but	can	forgotten	hear	is	loved	not	of	one	rest	she	so	sorry	that	the	to	who	you	your
always	and	be	great	here	real	really	slides	some	stars	these	too	were	will
beautiful	go	great	images	is	job	just	love	most	movies	perfect	seen	sironaca	so	song	special	that	the	these	they	this	ve	video	why	with
always	emotion	full	great	love	loving	person	singer	to	true	yes	you
and	at	don	emotion	for	get	how	is	many	of	over	re	sing	singers	singing	so	song	the	they	this	use	vocal	with	you	young
at	came	could	experienced	have	it	out	really	the	this	time	wish
actresses	and	beautiful	but	by	did	distinguish	gone	is	it	look	me	more	not	of	the	years
about	actress	anyone	can	close	does	face	half	her	is	know	on	one	see	thank	the	through	up	video	way	when	you	youtube
all	an	and	angel	anyone	by	dynamite	god	great	had	has	it	just	little	love	me	men	miss	music	no	of	one	peace	second	sent	she	some	the	to	us	voice	voices	women
could	emotion	great	interpretation	lot	of	really	sing	song	the	this	with	woman	wow
angel	dreaming	human	me	one	slap	some	up	wake
and	face	fits	for	new	nice	pictures	put	song	story	tell	the	their	those	very	video	with
around	end	listening	never	song	sung	the	this	to	touching	when	will	world
and	be	beautiful	can	feeling	from	glad	heart	her	just	leave	left	life	shared	she	the	this	us	voice	was	we	with
beautiful	for	like	moments	much	so	song	thank	these	this	you
absolutely	and	come	her	hit	like	lot	quite	sang	she	sorry	that	to	ve	version	very	voice	which
are	great	huge	images	song	the
all	and	best	brilliant	but	changes	even	everyone	feel	good	happened	heart	its	lost	makes	my	really	sad	song	still	that	the	things	thinking	will	wish
before	ever	had	hear	it	so	song	such	touching	wonderful	words
full	give	is	melancholy	of	songs	sorrow	the	these	use	what
and	as	come	does	feels	if	is	it	not	one	really	so	stops	that	the	time	times	when	world	yet
as	believe	can	could	dynamite	few	her	little	love	modern	perform	she	singer	superb	the	today	very	was
and	beautiful	couples	heavenly	legends	many	overlapped	screen	so	song	with
again	hear	kind	melody	never	of	performance	this	unbelievable	will	you
all	always	and	anymore	at	barely	brenda	but	by	don	every	favorites	hit	home	in	just	lee	lyrics	make	my	of	one	or	sang	she	singer	songs	still	sure	the	them	these	they	think	time	were	will
all	always	am	and	are	asking	beautiful	bless	dear	friends	god	our	to	wherever	you
absolutely	amazing	an	and	beautiful	brings	eyes	her	makes	me	my	of	see	songs	story	tears	the	to	voice	what
and	been	if	is	know	listen	ll	love	lyrics	many	meaningful	movie	of	people	powerful	really	so	song	the	this	to	understand	why	you
and	are	compared	garbage	lot	music	of	singers	this	to	todays	total
affair	are	by	ends	him	it	love	moment	separated	that	the	when	yes	you
about	am	between	fantastic	is	most	music	not	off	so	sure	the	very	video
50	and	brenda	emotion	feeling	for	full	great	have	heard	heaven	her	lady	like	listening	love	more	never	of	real	she	singer	sounds	than	the	this	tire	to	voice	we	years	you
amazing	an	and	at	by	emotional	ever	is	it	much	so	song	thank	the	video	way	what	you
and	brilliant	choir	classic	ear	in	left	lovely	million	of	perfect	piano	right	such	thank	the	this	version	voice	you
as	glorious	his	last	makes	stand	the
actress	an	fantastic	have	heard	never	of	she	this	voice	was	woman
better	but	flows	in	is	like	my	opinion	original	the	this
almost	and	better	describe	every	love	nowadays	romantic	song	still	story	than	which
and	called	dynamite	her	lil	miss	one	only	shes	that	they	why
and	brenda	brings	by	davis	does	emotion	great	it	job	on	same	skeeter	song	sung	the	this	to
cant	greats	have	like	more	of	one	she	the	this	today	was	we	why
and	anyone	at	certainly	does	film	fits	in	is	it	know	singer	song	star	superb	the	well	who	with
almost	be	best	every	female	her	of	rock	roll	song	the	version	vocal	will
40	anybody	at	can	cute	unforgettable	very	woman
amazing	an	and	at	child	comfortable	concert	from	had	her	of	presence	seemed	she	signature	special	to	vocalist	voice	was
again	an	are	baby	but	come	don	doubt	era	ever	have	in	is	like	lovely	lyrics	not	ones	post	really	sadly	same	seem	shame	songs	the	there	they	this	time	today	will	yes	young
and	best	black	by	days	effect	from	gone	her	hey	is	long	lovely	magic	the	this	to	too	version	voice	white	with
all	and	but	can	create	did	do	don	great	how	is	know	say	thank	this	to	video	what	with	wonderful	you
books	english	from	if	know	learn	messages	song	this	you
and	but	either	good	grandpa	great	is	it	me	my	not	send	song	this	wow
commercial	good	heard	hilarious	is	never	samsung	somehow	song	the	this	until	which
be	but	can	get	happy	how	it	just	listen	listening	makes	me	more	much	music	of	out	retarded	sound	the	to	wonder
as	can	he	his	how	man	morning	on	put	soon	up
and	as	funny	gets	how	is	jackson	legend	michael	on	played	radio	still	the	though
about	all	also	and	back	behind	but	crap	day	did	get	great	he	him	history	how	in	is	knew	know	look	made	on	rest	sadly	some	that	the	to	tunes	we	which
all	are	days	glitter	great	into	is	not	over	people	probably	so	song	the	their	these	world
be	don	gang	leader	lol	much	of	thank	to	very	want	you	your
about	an	are	got	honest	just	liking	music	of	re	rest	the	they	us	when
always	care	don	done	has	he	love	music	remains	same	song	the	what	will
are	can	committed	crime	discussing	enjoy	music	not	people	sick	the	who	without
and	for	funky	gen	god	instruments	more	music	my	of	parents	thank	this	used	was	wish	wow
all	and	any	as	being	but	cool	do	don	few	find	good	has	in	is	it	like	made	meaningful	music	nice	not	nowadays	of	one	performed	rhythm	something	song	sort	the	this	those	times	tunes	what	with
and	best	black	brothers	could	did	group	how	in	just	life	like	living	love	man	many	moving	my	people	perform	shows	sing	song	stay	talent	tavares	the	this	your
amazingly	and	beautiful	classic	from	gorgeous	heard	is	music	song	thank	this	titans	you
certain	every	from	hear	of	scene	supernatural	think	this	time
all	can	car	fire	from	in	is	listening	now	see	song	star	the	this	titans	to	up	waking
am	and	from	heard	in	india	kind	love	of	series	songs	this	titans
can	fade	in	it	like	out	taking	the	then
and	around	good	here	me	mom	music	my	playing	real	right	sharing	thanks	to
be	best	ever	got	has	heard	song	structured	the	this	to	ve
are	curious	how	know	living	many	members	now	of	original	still	tavares	the	to
bought	happy	here	me	supernatural	yeah	you
all	angel	around	creation	for	know	our	reason	the	us	we
best	dance	dancing	disco	era	for	is	it	love	the	this	to
after	an	and	angel	around	at	be	beautiful	couples	dancing	disco	even	gorgeous	happy	have	heaven	in	is	it	like	lot	love	missing	most	must	my	of	on	one	only	or	out	romantic	say	see	so	song	the	this	though	to	up	version	would
all	and	get	good	great	handsome	how	look	over	sound	still	they	were
age	classic	for	golden	listening	music	of	pleasure	priceless	real	the
and	band	college	drum	excellent	have	heard	line	perform	show	this	what
18	am	but	can	days	die	for	here	honestly	kind	listen	lol	masterpiece	never	of	song	this	to	why	will
and	gold	is	like	matter	music	no	remain	that	this	timeless	what	will	you
comment	eyes	future	here	in	leave	ll	my	see	tears	the	this	with	you
and	are	crying	eyes	her	in	killing	lyrics	me	my	tears	voice
always	and	beautiful	earth	heaven	in	love	on	out	shine	shined	sing	ya	you
2019	better	born	in	it	much	others	so	songs	than	this	time	today	was	wish
falling	is	listen	much	rain	song	this	too	when
and	dream	good	heard	in	it	just	me	played	so	song	this	was	way
can	cry	hold	legends	makes	me	myself	these
10	about	and	at	came	it	just	know	least	nice	played	so	song	this	times	to
better	classic	even	get	gets	in	is	it	listen	never	of	old	perfect	songs	the	their	time	to
beautiful	being	can	in	like	more	morning	natural	of	on	pure	singers	singing	sounds	talent	the	today	too	type	unlike	up	voice	wake	what	whose	with	you
and	expensive	her	iconized	is	something	voice
am	and	are	better	born	but	father	found	from	heard	in	my	old	songs	than	the	this	while	year
as	beautiful	each	how	notes	of	quality	she	should	sound	the	to	voice
all	amazing	at	be	beautiful	born	music	that	those	time	was	wish	with	would	year
as	comments	could	hey	it	my	of	out	please	sort	texting	thank	that	the	way	you	youtube
and	but	can	clear	english	every	hear	her	in	is	karen	mother	music	my	not	nowadays	sings	so	tongue	understand	very	voice	when	which	word
breaking	can	cry	get	he	heart	her	is	it	make	me	part	really	the	they	to	when	where
bit	cry	little	makes	me	mean	not	really	sad	song	the	this	why
am	appreciate	at	could	english	find	first	happy	is	it	looking	lyric	really	so	song	spend	the	time	understand	without
and	bless	comment	day	family	god	have	may	read	this	those	to	who	wonderful	you	your
15	am	and	at	been	crying	do	feel	girl	have	just	kinds	know	life	like	likes	my	not	of	old	reincarnated	song	songs	these	this	was	who	why
60s	backing	beautiful	born	don	enjoy	in	know	oh	old	so	sometimes	songs	the	these	those	vocals	was	why	wish
butter	cant	describe	honey	over	running	still	the	voice
and	calmness	comes	every	feeling	get	happiness	hear	of	on	smile	song	their	time	you
about	an	and	as	back	but	era	form	funny	generations	grandparents	have	in	is	it	its	listened	look	many	music	of	on	parents	sad	say	so	songs	the	their	them	they	think	this	to	today	true	what	will
because	choir	for	glad	have	head	in	it	learn	lol	my	stuck	this	to
close	different	eyes	heart	like	my	only	still	with	yesterday
in	love	loved	my	of	ones	only	remains	the	world
and	but	daughter	good	has	her	it	likes	listen	make	my	sad	she	so	think	to	voice
all	art	artists	brilliant	for	given	have	millions	of	over	people	piece	pleasure	the	time	to	vocal	what	who	world
beautiful	clear	die	from	karen	nice	so	song	still	this	to	unique	voice	with	world	young
be	goes	in	life	memory	my	on	song	still	this	will
about	all	and	became	cause	day	favourite	for	friends	go	heard	him	his	home	it	knowing	my	name	out	so	song	talking	thanks	that	the	this	to	today	with	without
all	always	am	and	be	been	before	biggest	by	far	favorite	go	had	her	karen	music	my	of	on	own	pure	recordings	singer	singing	so	time	to	use	what	will
after	and	born	but	creation	even	for	given	he	her	him	is	it	much	not	one	responsible	singing	style	that	their	these	to	two	was	watching	were	with
down	ever	female	greatest	hands	have	heard	the	voice
all	days	music	nonsense	not	now	timeless	what
but	cruel	darkness	is	life	never	short	surrender	the	to	will	world
70s	amazing	bad	best	ever	in	is	it	of	out	pop	pretty	rock	song	that	the	think	this	to	we	were	written
and	another	as	at	believe	best	but	can	emotion	ever	feeling	female	for	go	got	guess	he	hits	if	into	is	it	know	many	much	music	musicians	never	out	passed	people	probably	put	really	richard	said	sang	she	so	some	songs	the	their	there	this	those	through	times	very	voice	well	what	when	with	years
all	day	it	its	listen	love	makes	my	really	song	the	this	time	to	too	wonderful
artist	break	can	forever	kind	live	music	no	of	this	today	will
an	attention	be	beautiful	been	bring	even	had	have	her	if	in	is	its	life	lost	name	needs	no	not	passed	she	should	singer	so	soon	such	that	the	there	these	this	to	today	too	tragedy	two	way	with	would
but	course	drum	famous	god	her	is	my	of	oh	on	singing	this	track	work	world
any	appreciated	be	can	did	first	in	listen	may	movie	or	song	this	where	would
anyone	got	me	more	please	share	similar	songs	that	this	with
already	by	dare	don	even	into	just	listening	music	tears	the	to	video	watching
an	friend	good	like	mean	old	really	she	sounds
all	at	before	better	car	door	drive	in	movie	movies	music	on	play	sounds	than	the	their	they	this	we	would
and	asleep	crying	fell	little	my	play	she	sister	song	started	this
be	beautiful	brings	ever	hear	her	how	if	ironic	lovely	me	most	must	not	of	one	she	sing	such	tears	the	to	voice	voices	when
2019	always	and	anyway	in	it	likes	listens	mom	much	my	she	sings	song	still	this	very	who
always	amazing	an	and	attention	bless	crap	garbage	god	have	karen	like	live	on	others	she	song	such	themselves	to	voice	who	will	without	world
ages	and	can	describe	emotion	feeling	for	more	no	one	perfection	smooth	that	the	voice	with
beautiful	could	have	how	if	just	seen	she	was
beautiful	can	eyes	few	had	her	in	me	my	others	she	tears	this	touches	voice	way	with
about	evergreen	everything	good	how	is	moving	musics	rip	so	song	the	this	to	world
album	always	and	anyone	as	beautiful	bought	but	can	dad	don	early	far	go	had	her	lot	loved	mother	my	of	really	she	single	singles	song	such	that	the	their	then	think	this	touch	vocals	voice
am	an	are	darn	eyes	here	listening	my	now	onions	put	running	song	these	this	to	who
for	future	good	have	hope	look	many	memories	more	thank	you	your
admit	but	days	generation	grew	have	like	ll	more	of	part	song	songs	than	that	the	these	this	to	up	wasn	with
all	beautiful	did	have	her	however	love	music	out	put	she	song	soul	that	they	very	wish	would
and	because	grandparents	hanging	is	kind	love	my	of	out	parents	songs	this	why	with
alone	and	better	happened	her	hip	is	music	our	put	rap	than	to	today	together	voice	what
any	can	cover	feedback	give	hope	it	made	me	much	of	on	so	song	thank	this	you
and	bankrupt	brother	did	he	her	hope	is	lived	not	off	problem	see	the	voice
1st	after	am	background	comma	half	in	is	just	melody	name	of	one	only	piano	says	she	sings	song	still	that	the	to	what	who
all	disliked	don	for	have	music	people	taste	the	this	to	who	you
be	classic	forever	heart	is	people	song	that	this	truly	will
and	be	has	hear	her	in	is	its	know	never	once	she	that	to	totally	unique	voice	you
for	gave	great	lyrics	some	songs	speak	team	the	themselves	they	us	were	wonderful
and	beautiful	can	clear	crystal	else	her	melancholy	no	one	recreate	remarkable	voice
and	change	for	hear	heard	her	in	just	key	made	of	recorded	ride	that	the	they	those	to	what	you
best	dear	friend	my	nice	so	to	weekend	wishes	wonderful	you
anyone	at	it	laugh	liking	makes	me	not	of	song	the	this	thought
always	artist	beautifully	best	can	fantastic	female	find	it	lyrics	match	song	that	the	written
absolutely	all	an	down	her	loss	my	singing	still	to	us
era	good	heart	in	is	it	just	made	masterpiece	more	now	of	song	than	that	the	things	was	when	world
about	always	and	at	be	come	day	do	don	good	had	have	is	know	love	me	same	say	so	that	the	thing	this	thought	to	want	what	why	work	you
ever	in	industry	loss	most	music	of	one	the	tragic	unique	voices
and	beautiful	drums	era	fantastic	her	in	lost	of	only	play	pretty	problem	sadly	say	she	soulful	the	to	voice	was	who
about	how	is	know	meta	of	realized	singing	something	song	think	this	you
age	birth	death	of	old	perception	sorrow	suffering
almost	and	came	completely	got	here	is	my	only	thank	the	to	you
100	and	are	around	bankrupt	be	being	but	carlos	comes	could	fall	friend	get	go	goes	in	is	it	king	not	nothing	of	share	than	that	the	those	to	what	why	will	you
age	and	at	be	god	great	her	left	of	sad	singer	so	such	talented	the	to	us	with	young
anymore	beautiful	don	like	make	singers	that	they	timeless	truly	voice	wonder
and	another	behind	clear	ended	enjoy	good	her	karen	left	listening	lot	love	music	of	one	rip	sad	seemed	she	sing	so	soon	that	the	this	to	too	voice	was	way	woman
able	all	and	been	brother	but	by	crafted	do	enough	gets	has	he	her	is	it	not	of	richard	shame	so	songs	soon	that	their	think	to	too	voice	was	were	what
amazing	an	and	beautiful	before	but	is	it	my	sad	song	soul	still	time	touches	was	what
anymore	as	bad	childhood	good	music	no	song	such	there	thing	too	very
and	beautiful	bought	daughter	find	for	got	has	her	here	if	in	is	it	listened	low	my	of	out	part	quality	real	singing	so	song	sound	the	those	to	was	where	words
and	close	feeling	five	happy	how	into	matter	no	seconds	song	tears	this	to
body	every	her	love	melodious	no	she	sings	song	sweeter	than	voice	with
and	beautiful	died	everytime	eyes	hear	lose	man	my	she	song	start	such	this	up	voice	what	when
asking	boot	car	class	even	for	fresh	into	is	it	long	make	me	of	off	on	sing	thank	the	to	well	you
america	another	comment	in	its	not	on	play	played	radio	sad	saw	song	still	that	the	they	this	video
am	and	being	better	but	can	could	depressed	done	everything	from	got	have	help	just	know	listen	more	nothing	sad	that	the	this	to	wished	you	yourself
by	for	last	listening	minutes	of	sad	song	straight	the	this	to	while
and	good	is	latina	mixed	or	pretty	race	she	singer	so	very
90s	and	child	house	incredible	is	just	like	she	sounds	this	too	track	wow
although	come	girl	has	lol	moan	she	think	was
2019	disco	don	even	fresh	hear	house	in	it	often	on	shows	sounds	this	timeless
14	and	as	back	but	end	good	guess	hair	her	is	it	just	my	only	same	she	that	the	then	times	was	wow
as	black	either	fantastic	first	girl	has	heard	is	it	mixed	race	she	singing	this	thought	voice	was	way	when
1980	90s	always	and	been	but	by	dead	disco	for	from	has	in	it	lived	only	sad	short	the	there	totally	very	was	why
as	but	especially	feel	feeling	in	is	love	low	making	me	much	this	track	tune
age	and	at	doing	done	dream	for	is	lot	nice	now	of	only	people	she	such	voice	well	what	where	wonder	young
25	age	all	and	anyone	are	been	before	but	could	dance	do	had	hair	have	heart	her	in	it	just	know	million	my	never	no	of	oh	other	people	popular	presence	seen	she	show	that	the	there	they	things	think	this	to	was	wasn	who	why	wish	with	you
also	and	beyond	her	in	is	there	voice	years	yet
after	also	and	are	band	because	being	but	did	don	enough	full	got	great	have	hits	it	knew	know	lived	long	made	many	maybe	never	not	or	people	popular	problem	really	say	see	stay	that	the	their	these	they	this	time	together	underrated	understand	was	we	were	with	years	yes
another	beautiful	beauty	been	black	blow	call	channel	day	didn	english	few	good	great	have	his	into	is	laugh	more	never	nice	of	playing	real	song	songs	super	that	the	their	they	thing	this	though	tire	were	what	wish	would
about	another	as	be	beatles	but	could	harmonies	history	in	it	match	no	one	part	same	that	the	to	vocal	with
about	and	are	around	end	ever	go	guys	have	he	heard	hey	how	if	into	kinds	laugh	looking	looks	of	often	song	the	these	things	think	was	yes	you
and	at	band	being	crazy	everyone	going	guys	if	in	is	laugh	me	playing	song	that	this	told	would	you
always	and	anybody	been	before	beginning	both	but	came	can	else	first	for	have	heard	hearing	hey	if	in	it	just	know	love	melody	memories	more	of	one	other	parallel	see	seems	song	songs	that	the	they	think	this	to	ve	when	where	who	with	you
any	attention	before	but	course	good	heard	is	never	of	really	this	ve
actually	but	come	could	from	future	good	he	his	in	next	not	of	pretty	series	so	start	that	the	things	to	tried	was	where	would	wrong	years
about	and	at	band	commented	great	heard	in	love	never	of	sad	she	so	the	them	this	to	tune	very	was	what	yesterday
and	bad	band	did	especially	face	instruments	members	not	of	other	played	since	singer	the	they	too	video
14	agree	are	can	good	grew	if	is	like	matter	me	music	no	or	person	some	that	the	this	up	we	who	with	you
all	and	anyone	be	brilliant	come	from	future	guys	may	music	now	out	than	the	there	these	tomorrow	was	we	were	without
already	are	fans	few	has	in	it	like	making	mind	not	of	one	only	or	sure	tell	the	themselves	there	think	time	to	two	will	you
afraid	as	be	but	can	give	here	like	looks	may	not	right	straight	you
80s	always	and	anybody	as	beatles	but	can	else	elvis	getting	great	have	here	into	just	likes	listening	love	many	of	old	once	really	saw	so	started	stop	the	them	they	thing	to	too	tunes	type
actually	admit	away	been	before	by	first	have	his	how	is	it	listened	long	really	singing	the	this	time	to
and	by	could	doc	doesn	dream	every	get	girl	he	heart	how	if	in	it	make	need	of	race	seen	single	song	the	then	this	to	wish	you	your
after	all	and	anyone	at	back	be	birth	died	end	go	gospel	him	his	in	late	named	seen	singer	so	that	the	this	to	tomorrow	true	was	we	will
be	best	elders	gives	headache	honest	just	nowadays	old	songs	the	to	were
about	agree	and	be	because	can	crap	elvis	gang	garbage	go	gonna	here	if	is	king	know	let	like	magnificent	me	music	new	no	not	or	people	person	please	right	sounds	that	the	think	this	to	today	wait	what	you
and	at	beach	dance	dream	get	listen	my	partner	song	such	the	this	to	when	with
4th	best	did	is	know	selling	single	song	that	the	this	worldwide	you
about	always	because	born	comment	generation	in	is	kids	like	listen	listening	music	of	old	on	ones	only	re	that	the	they	thing	think	to	wrong	youtube
are	artists	century	come	do	for	guys	in	listening	most	of	one	special	sure	the	to	want	when	wow	you	your
and	better	for	god	if	is	kind	listen	music	now	of	story	tells	than	thank	that	the	this	way	you
and	best	brought	ever	glad	guy	he	hearts	in	is	king	lived	music	of	on	our	so	still	that	the	this	up	was
but	from	is	more	mother	much	must	of	original	say	so	song	speak	than	the	think	this	tongue	version
17	50s	60s	age	all	and	as	at	been	come	compared	for	from	group	has	have	here	however	in	is	isn	it	listen	love	modern	more	much	music	my	never	of	or	others	past	people	pretty	some	taste	that	the	they	to	what
2019	80s	am	another	as	in	is	it	just	music	of	similar	still	sure	the	was	will	year
and	beautiful	creation	evergreen	for	is	love	melodious	much	music	romantic	so	song	sweet	thank	the	this	very	wonderful	you
don	get	good	how	is	it	just	lyrics	many	matter	no	of	repeated	same	so	song	that	the	this	times	tired	you
all	and	anymore	are	at	be	behind	being	but	came	can	crazy	don	everytime	got	have	heart	here	if	it	look	love	made	me	more	my	person	running	see	seen	star	stop	that	the	there	to	up	ve	what	when	with	yes	you
almost	change	feeling	for	gonna	got	have	if	love	my	read	remember	this	were	will	you
15	and	are	boyfriend	day	first	for	he	him	it	last	loved	my	old	send	since	song	the	this	to	together	valentine	was	we	years
aren	for	from	give	heart	in	is	it	just	life	love	now	songs	that	the	their	they	today	true	what	where	will	with	written	wrong	you
all	down	gave	in	is	it	know	love	most	of	one	person	really	romantic	songs	the	time	to	want	what	who	with	wrong	you
about	anymore	appreciated	as	be	because	but	change	don	era	especially	ever	for	going	great	have	her	if	in	is	it	just	love	may	not	nothing	song	still	this	thought	to	track	true	very	without	you
and	anyone	beach	cool	good	have	in	lady	late	of	on	romantic	summer	the	think	white
all	for	have	her	how	it	lady	love	much	say	says	song	the	this	to	true	when	you
do	fantastic	little	new	of	should	someone	song	this	version
about	are	days	gone	music	nothing	people	real	sing	the	they	today	when
and	by	if	is	it	light	makes	me	more	most	of	something	taylor	the	this	video	with	wonder	wrong	years
about	are	away	best	breath	certain	gave	have	he	him	his	it	just	man	me	mind	my	on	takes	the	thinking
back	been	getting	he	in	like	looked	lot	much	must	now	so	then	ve
and	at	changes	got	his	know	look	man	on	the	this	three	times	you
1980	be	certainly	focus	for	in	not	soft	sure	that	the	we	where	without	would
80s	about	during	especially	in	it	just	love	not	overplayed	perfect	so	song	the	they	this	weddings	were	what
believe	best	in	is	love	matter	missing	no	real	this	we	what	world	year
being	call	called	evergreen	got	has	it	just	life	moment	not	of	people	priceless	song	that	thing	what
am	and	bad	believe	change	crying	do	feel	for	god	going	how	is	it	love	makes	me	not	nothing	now	of	so	someone	the	they	think	to
best	everytime	favorite	forever	hear	heart	in	is	love	my	no	of	one	radio	song	that	the	this	touch	when	wow
am	an	and	beautiful	been	born	era	feel	have	in	kids	like	make	me	music	my	now	nowadays	of	play	really	so	songs	them	these	they	to
bad	change	ever	for	gonna	he	how	if	know	ll	lol	never	nothing	now	since	sings	wonder	you
and	been	boy	could	feel	for	had	he	huge	like	movie	natural	not	on	romantic	screen	seemed	side	soft	star	ve	was
18	about	ago	all	change	ever	feeling	for	gonna	have	its	love	lovely	loving	my	nothing	same	says	song	still	the	this	truly	wife	years
ago	all	an	by	couple	didn	find	had	honest	idea	it	may	no	out	seems	sung	these	this	to	until	was	weeks	years
and	as	been	better	called	emotion	feelings	good	great	had	he	hit	if	it	now	of	one	pretty	sang	so	some	song	still	than	these	this	tune	with	wonder
and	attention	create	heart	how	it	listening	live	love	me	my	song	this	to	was
although	ever	in	is	lol	music	not	of	probably	screen	seen	the	this	ve	video
almost	but	cute	go	guess	guy	handsome	he	his	like	looked	looks	more	naturally	now	re	sad	should	so	still	that	this	though	to	ve	when	wish	you	young
ages	anymore	can	day	have	like	music	this	we	what	why	with	wrong
80	90	and	born	came	even	from	love	music	out	really	song	the	this	though	wasn	when	yet
again	and	be	believe	but	can	face	feel	first	god	hard	heart	him	his	in	its	just	like	lost	love	may	melts	much	my	never	of	send	so	song	stars	stop	sweet	thank	the	think	thinking	this	thought	time	too	ve	very	wait	walker	way	with	world
and	as	be	can	first	go	good	guys	if	it	listen	ll	make	music	one	stop	the	this	to	you
day	kind	listening	love	make	music	my	of	real	this	to	up
an	and	as	best	college	cool	curious	era	for	from	full	great	in	is	now	of	on	one	ones	pop	pretty	romantic	school	songs	the	to
about	and	are	behind	better	etc	from	gonna	her	how	is	modern	much	music	other	songs	take	that	think	you
about	actually	all	days	great	in	its	looks	meant	music	something	that	these	videos
and	at	but	cry	do	everytime	funny	girlfriend	great	have	hope	its	makes	me	not	sad	same	song	the	this	time	you
can	find	innocent	kind	love	of	song	these	video	where	with
all	beat	classic	excellent	it	its	just	love	of	one	romantic	song	the	time
and	easy	exactly	great	hear	innocent	is	just	right	says	simple	so	song	to	what	woman
and	are	as	at	beautiful	country	going	has	it	just	me	meaningful	my	of	out	present	real	sent	so	song	tears	the	this	through	time	to	who	words
here	like	live	love	not	quite	record	singing	sounds	that	the
ain	always	amen	anymore	best	for	gonna	in	loved	much	of	one	peace	performance	rest	says	scott	shine	sun	talent	thank	the	this	what	you
about	are	background	but	definitely	live	music	not	on	performed	sure	the	this	vocals
awesome	be	have	in	is	it	limitlessly	parallel	reincarnated	that	to	universe	voice	want	where
after	and	another	at	beginning	cause	come	dead	door	dream	for	has	have	idea	in	light	love	loving	make	mean	of	one	our	really	rest	says	second	seeing	should	special	still	sure	that	the	true	wait	way	with	you
as	good	group	hear	live	nice	sounds	studio	that	the	to	version	well
be	better	brothers	did	frankie	hear	in	is	mind	must	my	of	one	only	original	song	than	the	think	thinks	this	too	valli	version	walker	when	who	yes	you
am	and	better	did	four	is	much	one	only	seasons	so	that	the	thinks	this	too	version	who
again	and	came	do	hear	heard	it	love	loved	myself	need	on	out	song	still	supernatural	that	this	thought	to	when
all	am	and	any	anymore	for	gets	gonna	his	in	is	looking	lose	man	of	one	son	that	the	way	wife
and	arms	can	come	even	hair	how	interesting	means	now	on	scott	see	that	the	this	to	todays	vintage	we	with
60	again	along	and	brothers	comes	didn	for	had	in	is	it	jim	live	on	one	original	re	show	singing	such	thanks	the	they	tube	where	with	you
50	60	and	artists	back	band	be	didn	do	easy	even	get	in	making	need	only	sound	studio	technique	the	they	this	to	up	used	very	whenever	with	you
bass	but	cool	did	easy	excellent	four	going	great	has	in	it	like	line	lose	lyric	miss	more	much	no	nothing	on	one	out	piano	place	re	really	seasons	so	song	start	stuff	that	the	there	this	to	what	with	you
guys	have	it	made	nice	real	should	song	sound	theme	these	voices
ain	also	and	anymore	aren	at	beatles	been	brothers	but	country	did	especially	gonna	have	hit	in	it	most	new	number	of	people	said	scott	shine	sun	than	that	the	their	this	to	uk	vocalist	walker	was	well	which
2019	as	brothers	but	by	do	does	frankie	he	in	it	just	love	more	not	on	recorded	single	song	the	this	valli	walker	was	when
11	and	day	end	great	here	keep	listening	of	on	powerful	song	the	this	time	timeless	until	we	will
beyond	eternal	had	idea	no	song	that	the	their	theme	they	this	time	was
am	and	away	but	else	father	got	has	here	in	is	its	just	listening	morning	my	passed	shine	somehow	sun	sure	the	thinking	this	to	track	who	will
50	80	about	agree	ain	all	alone	and	anymore	as	being	best	but	can	favorite	funny	garbage	gonna	good	has	have	in	is	it	made	most	music	my	of	one	out	put	shine	so	songs	stand	sun	that	the	their	there	this	to	today	very	walker	with
america	an	as	band	britain	brothers	did	famous	have	history	in	it	made	may	not	than	the	they	to	walker
always	an	and	are	because	both	brothers	for	great	is	masterpiece	much	of	probably	reason	so	some	song	sound	sung	the	they	this	unforgettable	walker	what	with	wow
2019	again	and	do	every	four	in	listening	listens	loving	my	or	second	should	singing	the	three
ever	for	gonna	great	head	in	is	my	of	one	ones	rings	shine	sun	that	the
60	ago	and	couple	day	era	every	fantastic	for	from	great	instruments	into	it	listen	lyrics	missed	music	now	of	one	posting	somehow	song	thanks	the	this	to	video	voices	weeks
10	doomsday	ever	favorite	it	just	knowing	love	my	of	one	song	songs	these
and	has	his	like	listen	male	music	no	of	sad	so	sounds	the	this	to	today	vocalist	voice	way
definitely	even	five	for	have	in	is	it	like	loved	many	more	my	never	of	song	the	think	this	tire	today	top	years
bad	create	didn	enjoy	for	forever	greatest	history	in	it	like	more	musical	of	one	that	the	they	this	to	too	us	voices
and	break	crazy	easy	had	it	meaning	not	on	real	some	song	songs	take	these	this	up	voice	what	yourself
all	and	be	beautiful	day	dead	forever	from	generation	get	glorious	god	it	listen	music	musicians	of	one	our	shared	the	to	up	us	wake	we	will	with
60	and	back	beautifully	classic	crafted	era	given	great	in	many	moving	music	of	one	so	songs	sound	the	them	then	there	those	was	way	were	what
about	all	and	artists	can	generation	is	like	new	nowadays	sing	song	the	they	this	today	touching
about	better	each	got	just	listened	million	perfect	song	that	time	times	to
60s	amazing	and	away	drummer	fantastic	for	format	headphones	hearing	in	is	it	its	magnificent	mind	much	never	off	our	record	so	some	thank	the	this	try	uk	was	you	your
best	day	died	download	era	had	has	me	music	no	not	of	one	own	shined	since	sound	sun	that	their	they	this	to	up	yet
always	been	by	create	have	more	orchestra	record	the	version	vocals	wish	would
an	clip	day	great	in	it	its	performance	singers	song	the	was	what	with	work
brilliant	but	from	good	have	in	look	mind	my	no	not	once	really	seen	sound	such	the	to	way	wish
and	beautiful	feeling	great	has	hear	here	its	kinds	life	little	love	of	original	pure	song	songs	such	these	to	vocals
again	all	any	because	better	doesn	every	favorite	few	get	hear	in	ll	love	music	my	never	of	one	past	perfect	songs	super	than	the	this	those	time	today	voice	way	with	you
60s	brilliant	by	full	given	great	melancholy	of	one	pop	scott	the
and	before	for	going	here	it	out	pretty	ricky	thank	they	were	you
am	as	bass	bottom	but	does	here	home	is	it	like	no	not	now	of	one	only	tell	that	the	to	well	you
80	90	back	bass	can	classics	early	era	from	had	honestly	in	is	many	music	on	one	out	say	so	south	that	the	this	those	through
agree	all	an	any	anything	are	as	ask	be	every	family	fits	generation	greatest	hey	if	is	let	listen	much	no	now	of	one	other	out	play	same	seemed	song	tell	thank	that	the	them	there	this	time	to	type	will	ya	you
and	beat	has	it	know	like	lost	made	music	na	need	not	or	this	to	voice	want	were	what	you
all	and	because	but	called	felt	how	is	love	men	now	our	soft	that	this	to	told	try	we	when	where	why	women	you	your
ago	and	be	been	bit	but	come	could	do	few	great	have	if	in	is	it	little	lot	more	next	of	one	only	see	that	the	this	to	we	week	weeks	would
age	and	as	can	classic	comments	don	exactly	from	have	in	is	it	just	life	like	love	may	me	means	more	much	no	other	others	say	so	song	than	that	their	there	they	this	to	tomorrow	will	you
age	all	and	at	by	can	great	had	have	he	leo	listen	man	many	more	natural	not	of	on	only	passed	pop	radio	songs	such	talent	the	them	then	this	to	today	would	written	you	young
amazing	and	era	is	just	music	no	not	real	really	something	special	that	there	those	to	yet
end	happens	is	just	much	paint	pretty	that	too	up	what	when
after	all	amazing	and	came	cute	grandma	guy	has	here	listening	singer	smile	sweet	that	the	to	we	yes
after	her	here	is	lady	myself	of	people	powerful	seeing	singing	such	sweet	the	unbelievable	video	with
after	and	came	can	chihuahua	ever	have	her	here	intelligent	is	listening	love	loving	more	most	say	she	singing	than	the	to	too
different	find	first	format	in	is	prefer	seen	so	song	the	this	time	ve	video
able	as	be	beautiful	beauty	bottom	from	great	heart	how	is	love	message	much	never	of	song	the	this	to	today	tomorrow	what	will	word	you
advance	been	for	goes	hard	in	it	like	off	or	remember	same	similar	so	something	song	starts	thanks	the	there	this	to	ve	way	with
boyfriend	can	for	future	him	if	love	me	more	my	say	sing	song	tell	than	that	this	would
and	as	could	hear	it	love	man	over	sing	song	special	this	to	way	young
after	came	did	girl	girlfriend	happened	he	her	his	new	real	then	to	what	with	wonder
all	am	and	another	around	dance	days	feels	guy	is	it	just	look	lot	music	of	the	those	today	was	way	were	when	who	you
are	at	clear	drive	good	is	late	of	relaxed	the	this	to	tune	when	with
be	car	golden	listening	moment	song	the	this	through	to	with	would
and	are	but	dear	film	like	my	permission	re	really	short	song	too	use	want	you
and	but	by	forget	gives	is	leo	life	many	memorable	never	not	one	singer	singing	song	that	will	you
always	and	as	beautiful	boot	good	have	his	looking	love	music	talented	to	very	voice	well
80s	and	any	are	classics	early	era	get	huge	many	more	of	other	pop	radio	songs	still	than	them
80	about	and	art	care	day	generation	good	if	musics	of	part	that	they	true	were	wish
and	before	bit	breath	came	every	from	gather	it	like	more	out	sounds	take	than	what	you
am	another	cry	do	guy	just	make	me	mean	to	you
and	else	giving	goes	how	is	it	keeps	know	love	on	someone	that	the	they	to	will
can	dance	dancing	friends	if	in	keep	mind	on	so	you	your
another	elvis	guy	he	is	just	no	of	original	singer	song	the	this	thought	was
are	by	certainly	dancing	does	feel	he	in	is	leo	like	love	make	me	not	that	the	to	video	with
crazy	fell	full	in	just	like	my	of	singing	so	sometime	song	sorrow	tears	this	with
afro	and	background	be	down	for	have	hot	how	in	it	no	on	reason	some	that	the	to	video	would
40	an	brought	film	here	home	in	just	me	myself	of	only	song	sweet	the	this	thought	vintage	was	yeah	years
80	adult	and	away	by	can	couple	from	golden	later	made	me	melody	message	my	of	oldies	one	only	or	orchestration	other	simple	songs	that	the
as	be	countrify	course	day	it	may	never	nice	of	one	song	they	this	version	will
at	beautiful	could	dislike	don	hits	home	how	is	it	right	someone	song	such	this	understand
and	beautiful	better	excellent	far	in	it	lyrics	modern	more	music	on	real	singers	singing	than	the	to	versions	voice	was	which
and	class	family	for	future	good	happiness	in	life	light	love	much	music	musical	nice	real	rock	sing	soft	thank	the	time	too	very	with	you	young
age	and	are	big	come	every	girl	guy	hair	if	in	mean	my	no	not	on	pretty	range	sing	them	this	to	want	with	would	you
and	as	doing	giving	he	is	like	making	out	pictures	them
absolutely	all	and	favorites	hearing	it	love	my	never	of	one	song	this	time	tire	will
but	he	heart	his	isn	like	my	of	one	really	some	songs	this
1980	about	all	around	as	brother	favorites	gonna	good	has	he	him	it	let	like	look	love	me	my	of	one	really	song	sort	tell	that	though	use	was	you
as	at	but	care	for	funny	guy	he	in	is	kids	least	leo	most	nice	not	of	others	out	people	really	sick	singing	started	that	thinks	would
as	but	don	going	got	he	him	know	of	on	or	richard	seeing	that	the	thing	video	well	who	would
afraid	and	beautiful	feel	him	how	is	it	love	really	sad	someone	song	such	tell	this	to	when	you	your
age	am	and	comes	dear	friend	glad	important	is	it	like	music	not	song	that	think	this	time	to	when	you
